STATE_ABBREV,COUNTY_NAME,Dem_Percent,Rep_Percent,Dem_VoteCnt,Rep_VoteCnt
AL,Autauga,0.263,0.724,7439,20484
AL,Baldwin,0.204,0.784,24934,95798
AL,Barbour,0.422,0.569,4158,5606
AL,Bibb,0.175,0.818,1619,7572
AL,Blount,0.091,0.9,2576,25354
AL,Bullock,0.726,0.268,2983,1101
AL,Butler,0.383,0.61,3251,5172
AL,Calhoun,0.271,0.718,13194,34912
AL,Chambers,0.379,0.612,5405,8711
AL,Cherokee,0.119,0.873,1553,11358
AL,Chilton,0.136,0.856,2698,16920
AL,Choctaw,0.378,0.616,2515,4103
AL,Clarke,0.412,0.582,4927,6965
AL,Clay,0.147,0.847,993,5734
AL,Cleburne,0.079,0.913,605,6988
AL,Coffee,0.206,0.784,4601,17495
AL,Colbert,0.263,0.726,7137,19714
AL,Conecuh,0.426,0.566,2580,3423
AL,Coosa,0.281,0.713,1478,3758
AL,Covington,0.135,0.859,2314,14677
AL,Crenshaw,0.225,0.771,1457,5000
AL,Cullman,0.094,0.897,4039,38704
AL,Dale,0.234,0.756,4484,14476
AL,Dallas,0.658,0.334,10236,5190
AL,DeKalb,0.127,0.864,3758,25633
AL,Elmore,0.235,0.754,9774,31374
AL,Escambia,0.265,0.728,3964,10884
AL,Etowah,0.217,0.773,10027,35653
AL,Fayette,0.136,0.855,1142,7158
AL,Franklin,0.13,0.861,1568,10417
AL,Geneva,0.112,0.881,1391,10929
AL,Greene,0.776,0.219,3133,885
AL,Hale,0.53,0.461,3868,3369
AL,Henry,0.243,0.75,2263,6989
AL,Houston,0.256,0.732,11352,32469
AL,Jackson,0.139,0.852,3276,20073
AL,Jefferson,0.543,0.439,162112,131123
AL,Lamar,0.117,0.876,806,6033
AL,Lauderdale,0.237,0.75,10326,32708
AL,Lawrence,0.185,0.808,2983,13024
AL,Lee,0.353,0.629,25798,46020
AL,Limestone,0.273,0.71,14581,37887
AL,Lowndes,0.684,0.311,3867,1758
AL,Macon,0.776,0.215,6084,1682
AL,Madison,0.444,0.534,87824,105430
AL,Marengo,0.478,0.516,4631,4995
AL,Marion,0.088,0.904,1197,12245
AL,Marshall,0.137,0.853,5553,34434
AL,Mobile,0.411,0.575,72055,100759
AL,Monroe,0.381,0.612,3740,6007
AL,Montgomery,0.645,0.339,57946,30477
AL,Morgan,0.231,0.755,12392,40449
AL,Perry,0.711,0.284,3174,1269
AL,Pickens,0.38,0.613,3388,5465
AL,Pike,0.37,0.621,4899,8224
AL,Randolph,0.173,0.821,1920,9102
AL,Russell,0.503,0.486,10422,10078
AL,Shelby,0.288,0.694,33087,79666
AL,St. Clair,0.175,0.816,7640,35501
AL,Sumter,0.702,0.29,3725,1542
AL,Talladega,0.328,0.665,10898,22100
AL,Tallapoosa,0.248,0.743,4975,14884
AL,Tuscaloosa,0.392,0.595,33399,50724
AL,Walker,0.138,0.855,4102,25464
AL,Washington,0.221,0.774,1863,6534
AL,Wilcox,0.655,0.341,3449,1793
AL,Winston,0.079,0.914,884,10191
AK,Election District 1,0.392,0.566,3367,4861
AK,Election District 2,0.478,0.474,4571,4534
AK,Election District 3,0.552,0.405,6130,4496
AK,Election District 4,0.665,0.29,6161,2691
AK,Election District 5,0.415,0.543,3328,4351
AK,Election District 6,0.398,0.559,4773,6705
AK,Election District 7,0.262,0.705,2513,6777
AK,Election District 8,0.238,0.736,2576,7950
AK,Election District 9,0.494,0.472,5849,5581
AK,Election District 10,0.464,0.497,4070,4357
AK,Election District 11,0.471,0.494,4633,4864
AK,Election District 12,0.49,0.477,4169,4059
AK,Election District 13,0.486,0.474,3682,3589
AK,Election District 14,0.585,0.373,4346,2768
AK,Election District 15,0.47,0.494,4364,4594
AK,Election District 16,0.553,0.406,5344,3929
AK,Election District 17,0.647,0.312,4990,2407
AK,Election District 18,0.4,0.558,1928,2686
AK,Election District 19,0.562,0.392,2825,1971
AK,Election District 20,0.54,0.418,3924,3041
AK,Election District 21,0.521,0.441,4711,3984
AK,Election District 22,0.487,0.475,2660,2594
AK,Election District 23,0.385,0.571,4116,6101
AK,Election District 24,0.319,0.641,3234,6482
AK,Election District 25,0.303,0.659,3172,6891
AK,Election District 26,0.213,0.756,2013,7143
AK,Election District 27,0.204,0.766,1807,6785
AK,Election District 28,0.238,0.723,2213,6713
AK,Election District 29,0.258,0.706,2708,7418
AK,Election District 30,0.262,0.709,2701,7312
AK,Election District 31,0.463,0.496,3240,3475
AK,Election District 32,0.321,0.638,1883,3742
AK,Election District 33,0.227,0.739,2016,6548
AK,Election District 34,0.375,0.583,3759,5836
AK,Election District 35,0.502,0.452,4885,4395
AK,Election District 36,0.369,0.587,3538,5633
AK,Election District 37,0.442,0.507,1921,2208
AK,Election District 38,0.508,0.39,2028,1558
AK,Election District 39,0.518,0.402,2180,1690
AK,Election District 40,0.414,0.513,1362,1688
AZ,Apache,0.589,0.4,18872,12795
AZ,Cochise,0.378,0.61,22296,35936
AZ,Coconino,0.592,0.393,41504,27576
AZ,Gila,0.307,0.684,8504,18901
AZ,Graham,0.255,0.736,3867,11177
AZ,Greenlee,0.288,0.698,954,2308
AZ,La Paz,0.276,0.717,2101,5470
AZ,Maricopa,0.477,0.512,980016,1051531
AZ,Mohave,0.218,0.776,24081,85683
AZ,Navajo,0.409,0.581,20754,29480
AZ,Pima,0.57,0.418,292450,214669
AZ,Pinal,0.385,0.606,80656,126926
AZ,Santa Cruz,0.589,0.402,11265,7699
AZ,Yavapai,0.326,0.665,48717,99346
AZ,Yuma,0.393,0.597,26823,40745
AR,Arkansas County,0.271,0.712,1503,3951
AR,Ashley,0.252,0.732,1774,5145
AR,Baxter,0.207,0.776,4341,16253
AR,Benton,0.352,0.621,45231,79907
AR,Boone,0.167,0.816,2854,13968
AR,Bradley,0.299,0.69,961,2213
AR,Calhoun,0.181,0.8,379,1674
AR,Carroll,0.33,0.647,3812,7470
AR,Chicot,0.515,0.475,1796,1658
AR,Clark,0.386,0.591,2959,4526
AR,Clay,0.183,0.799,907,3968
AR,Cleburne,0.152,0.832,1941,10595
AR,Cleveland,0.155,0.831,524,2804
AR,Columbia,0.31,0.676,2466,5367
AR,Conway,0.287,0.69,2449,5893
AR,Craighead,0.301,0.675,11210,25152
AR,Crawford,0.199,0.781,4753,18615
AR,Crittenden,0.501,0.479,7362,7028
AR,Cross,0.251,0.727,1642,4753
AR,Dallas,0.343,0.638,798,1482
AR,Desha,0.467,0.515,1638,1805
AR,Drew,0.322,0.66,2050,4203
AR,Faulkner,0.326,0.649,17752,35357
AR,Franklin,0.177,0.801,1232,5582
AR,Fulton,0.18,0.801,906,4040
AR,Garland,0.307,0.67,13015,28359
AR,Grant,0.148,0.836,1192,6755
AR,Greene,0.185,0.798,2935,12617
AR,Hempstead,0.292,0.689,1776,4193
AR,Hot Spring,0.229,0.751,2818,9226
AR,Howard,0.259,0.726,1158,3246
AR,Independence,0.192,0.787,2689,11023
AR,Izard,0.16,0.819,949,4854
AR,Jackson,0.248,0.735,1183,3509
AR,Jefferson,0.592,0.392,12802,8468
AR,Johnson,0.233,0.747,2107,6766
AR,Lafayette,0.3,0.683,698,1589
AR,Lawrence,0.169,0.81,965,4608
AR,Lee,0.504,0.469,1270,1181
AR,Lincoln,0.241,0.742,813,2502
AR,Little River,0.221,0.764,1084,3744
AR,Logan,0.178,0.8,1464,6567
AR,Lonoke,0.222,0.758,6790,23225
AR,Madison,0.199,0.785,1491,5885
AR,Marion,0.191,0.794,1501,6230
AR,Miller,0.238,0.749,3769,11842
AR,Mississippi,0.333,0.65,3574,6963
AR,Monroe,0.412,0.569,1002,1385
AR,Montgomery,0.174,0.806,645,2987
AR,Nevada,0.292,0.689,849,2002
AR,Newton,0.171,0.812,644,3063
AR,Ouachita,0.396,0.586,3412,5056
AR,Perry,0.201,0.776,923,3559
AR,Phillips,0.558,0.425,2754,2098
AR,Pike,0.128,0.86,560,3746
AR,Poinsett,0.174,0.81,1235,5731
AR,Polk,0.138,0.843,1145,6987
AR,Pope,0.227,0.749,5487,18118
AR,Prairie,0.164,0.821,524,2628
AR,Pulaski,0.598,0.377,92038,57977
AR,Randolph,0.171,0.809,1138,5367
AR,Saline,0.288,0.69,16609,39736
AR,Scott,0.126,0.861,425,2913
AR,Searcy,0.132,0.854,511,3305
AR,Sebastian,0.3,0.676,13652,30719
AR,Sevier,0.183,0.8,862,3772
AR,Sharp,0.177,0.804,1316,5978
AR,St. Francis,0.494,0.486,2953,2909
AR,Stone,0.181,0.797,1089,4808
AR,Union,0.325,0.66,5019,10196
AR,Van Buren,0.189,0.79,1437,6023
AR,Washington,0.451,0.517,43779,50243
AR,White,0.183,0.795,5641,24514
AR,Woodruff,0.328,0.653,760,1513
AR,Yell,0.187,0.795,1213,5147
CA,Alameda,0.746,0.21,499551,140789
CA,Alpine,0.649,0.329,479,243
CA,Amador,0.347,0.626,7783,14018
CA,Butte,0.468,0.499,44228,47179
CA,Calaveras,0.347,0.628,9181,16625
CA,Colusa,0.346,0.629,2431,4414
CA,Contra Costa,0.673,0.294,356008,155308
CA,Del Norte,0.404,0.568,4266,5999
CA,El Dorado,0.426,0.546,47703,61109
CA,Fresno,0.465,0.509,151628,165924
CA,Glenn,0.312,0.661,3260,6904
CA,Humboldt,0.62,0.336,39800,21559
CA,Imperial,0.483,0.491,26083,26546
CA,Inyo,0.469,0.499,4201,4468
CA,Kern,0.382,0.593,108241,167879
CA,Kings,0.374,0.604,15519,25074
CA,Lake,0.478,0.492,12794,13161
CA,Lassen,0.218,0.758,2478,8619
CA,Los Angeles,0.648,0.319,2417109,1189862
CA,Madera,0.384,0.592,20981,32344
CA,Marin,0.806,0.167,116152,24054
CA,Mariposa,0.381,0.592,3622,5625
CA,Mendocino,0.613,0.345,24049,13528
CA,Merced,0.465,0.509,40190,43955
CA,Modoc,0.251,0.718,1008,2884
CA,Mono,0.581,0.378,3522,2294
CA,Monterey,0.634,0.335,93060,49226
CA,Napa,0.659,0.311,43212,20357
CA,Nevada,0.544,0.421,33784,26177
CA,Orange,0.497,0.471,691731,654815
CA,Placer,0.443,0.528,103958,123941
CA,Plumas,0.399,0.569,4020,5725
CA,Riverside,0.48,0.493,451782,463677
CA,Sacramento,0.581,0.384,381564,252140
CA,San Benito,0.549,0.423,15179,11702
CA,San Bernardino,0.475,0.497,362114,378416
CA,San Diego,0.569,0.401,841372,593270
CA,San Francisco,0.803,0.155,323719,62594
CA,San Joaquin,0.48,0.489,126647,128996
CA,San Luis Obispo,0.539,0.431,81314,64932
CA,San Mateo,0.735,0.232,242957,76616
CA,Santa Barbara,0.618,0.351,114149,64870
CA,Santa Clara,0.68,0.281,510744,210924
CA,Santa Cruz,0.753,0.209,100998,27978
CA,Shasta,0.305,0.67,27130,59539
CA,Sierra,0.365,0.607,641,1066
CA,Siskiyou,0.387,0.58,8329,12461
CA,Solano,0.6,0.37,113997,70345
CA,Sonoma,0.714,0.252,179600,63426
CA,Stanislaus,0.432,0.542,85347,106986
CA,Sutter,0.331,0.645,13016,25372
CA,Tehama,0.279,0.697,7415,18503
CA,Trinity,0.434,0.528,2449,2979
CA,Tulare,0.385,0.592,53221,81854
CA,Tuolumne,0.379,0.597,10909,17210
CA,Ventura,0.561,0.41,217424,158901
CA,Yolo,0.663,0.301,61405,27844
CA,Yuba,0.357,0.615,10725,18491
CO,Adams,0.531,0.441,124056,103024
CO,Alamosa,0.431,0.539,3244,4057
CO,Arapahoe,0.586,0.385,190725,125311
CO,Archuleta,0.417,0.558,3904,5218
CO,Baca,0.137,0.841,275,1686
CO,Bent,0.295,0.683,645,1496
CO,Boulder,0.765,0.208,150149,40758
CO,Broomfield,0.628,0.343,29426,16071
CO,Chaffee,0.554,0.418,7992,6034
CO,Cheyenne,0.102,0.882,108,930
CO,Clear Creek,0.568,0.402,3464,2452
CO,Conejos,0.396,0.574,1627,2358
CO,Costilla,0.555,0.409,1155,850
CO,Crowley,0.247,0.721,422,1231
CO,Custer,0.307,0.668,1188,2583
CO,Delta,0.31,0.665,6030,12948
CO,Denver,0.766,0.206,278634,74765
CO,Dolores,0.229,0.758,325,1076
CO,Douglas,0.453,0.523,110408,127451
CO,Eagle,0.609,0.365,16943,10148
CO,El Paso,0.437,0.535,166597,203933
CO,Elbert,0.233,0.745,4768,15209
CO,Fremont,0.295,0.68,7526,17313
CO,Garfield,0.498,0.477,15128,14493
CO,Gilpin,0.546,0.419,2254,1729
CO,Grand,0.48,0.488,4743,4822
CO,Gunnison,0.629,0.337,6887,3689
CO,Hinsdale,0.423,0.547,257,332
CO,Huerfano,0.442,0.528,1965,2346
CO,Jackson,0.207,0.76,173,634
CO,Jefferson,0.583,0.388,210875,140505
CO,Kiowa,0.118,0.862,102,744
CO,Kit Carson,0.15,0.834,556,3083
CO,La Plata,0.579,0.393,20677,14024
CO,Lake,0.562,0.398,2199,1557
CO,Larimer,0.573,0.397,129376,89680
CO,Las Animas,0.42,0.555,3276,4328
CO,Lincoln,0.168,0.813,432,2090
CO,Logan,0.206,0.773,2098,7855
CO,Mesa,0.366,0.609,33573,55839
CO,Mineral,0.421,0.554,317,417
CO,Moffat,0.175,0.803,1167,5358
CO,Montezuma,0.383,0.593,5793,8972
CO,Montrose,0.326,0.652,8354,16704
CO,Morgan,0.244,0.73,3291,9830
CO,Otero,0.354,0.618,3164,5520
CO,Ouray,0.596,0.384,2442,1573
CO,Park,0.402,0.567,4841,6828
CO,Phillips,0.175,0.802,412,1888
CO,Pitkin,0.71,0.268,7932,2992
CO,Prowers,0.238,0.745,1227,3833
CO,Pueblo,0.462,0.513,39328,43688
CO,Rio Blanco,0.173,0.809,637,2988
CO,Rio Grande,0.372,0.604,2306,3743
CO,Routt,0.625,0.347,10208,5676
CO,Saguache,0.501,0.464,1704,1577
CO,San Juan,0.638,0.319,376,188
CO,San Miguel,0.735,0.24,3529,1154
CO,Sedgwick,0.208,0.772,283,1048
CO,Summit,0.67,0.299,11762,5244
CO,Teller,0.31,0.664,5065,10856
CO,Washington,0.117,0.868,329,2436
CO,Weld,0.382,0.592,68752,106469
CO,Yuma,0.163,0.816,758,3807
CT,Andover,0.493,0.494,1032,1035
CT,Ansonia,0.494,0.491,3860,3838
CT,Ashford,0.515,0.467,1304,1182
CT,Avon,0.604,0.377,7012,4382
CT,Barkhamsted,0.468,0.514,1127,1239
CT,Beacon Falls,0.408,0.577,1533,2169
CT,Berlin,0.446,0.537,5559,6701
CT,Bethany,0.503,0.475,1788,1688
CT,Bethel,0.538,0.445,5977,4950
CT,Bethlehem,0.383,0.605,909,1436
CT,Bloomfield,0.838,0.152,10237,1854
CT,Bolton,0.52,0.46,1649,1459
CT,Bozrah,0.429,0.555,685,885
CT,Branford,0.568,0.416,9898,7251
CT,Bridgeport,0.727,0.261,26992,9707
CT,Bridgewater,0.517,0.466,607,548
CT,Bristol,0.491,0.495,14125,14218
CT,Brookfield,0.472,0.512,5029,5458
CT,Brooklyn,0.429,0.556,1872,2426
CT,Burlington,0.48,0.504,2782,2919
CT,Canaan,0.687,0.302,451,198
CT,Canterbury,0.367,0.614,1137,1904
CT,Canton,0.577,0.404,3848,2692
CT,Chaplin,0.428,0.556,535,695
CT,Cheshire,0.545,0.435,9390,7498
CT,Chester,0.646,0.336,1666,866
CT,Clinton,0.54,0.444,4318,3550
CT,Colchester,0.526,0.456,5002,4332
CT,Colebrook,0.418,0.568,403,548
CT,Columbia,0.507,0.476,1787,1678
CT,Cornwall,0.708,0.271,732,280
CT,Coventry,0.5,0.483,3808,3681
CT,Cromwell,0.536,0.441,4635,3816
CT,Danbury,0.531,0.455,16318,13971
CT,Darien,0.586,0.397,6988,4732
CT,Deep River,0.603,0.381,1735,1097
CT,Derby,0.48,0.508,2581,2732
CT,Durham,0.471,0.506,2217,2382
CT,East Granby,0.523,0.456,1678,1462
CT,East Haddam,0.502,0.481,2902,2781
CT,East Hampton,0.495,0.488,4061,4006
CT,East Hartford,0.684,0.304,12504,5550
CT,East Haven,0.437,0.553,6116,7728
CT,East Lyme,0.617,0.367,7272,4326
CT,East Windsor,0.508,0.48,2977,2815
CT,Eastford,0.417,0.561,445,599
CT,Easton,0.539,0.439,2627,2141
CT,Ellington,0.496,0.489,4733,4666
CT,Enfield,0.507,0.478,10317,9718
CT,Essex,0.639,0.343,2892,1554
CT,Fairfield,0.617,0.364,21494,12696
CT,Farmington,0.587,0.392,9058,6055
CT,Franklin,0.446,0.543,545,663
CT,Glastonbury,0.613,0.368,13185,7902
CT,Goshen,0.433,0.55,910,1154
CT,Granby,0.558,0.424,4108,3118
CT,Greenwich,0.573,0.413,19603,14122
CT,Griswold,0.399,0.587,2443,3591
CT,Groton,0.608,0.372,10284,6296
CT,Guilford,0.644,0.341,9334,4943
CT,Haddam,0.47,0.514,2640,2892
CT,Hamden,0.729,0.255,20222,7066
CT,Hampton,0.484,0.505,541,564
CT,Hartford,0.818,0.17,23418,4884
CT,Hartland,0.329,0.655,430,855
CT,Harwinton,0.376,0.612,1421,2315
CT,Hebron,0.529,0.455,3253,2795
CT,Kent,0.665,0.315,1252,592
CT,Killingly,0.394,0.591,3282,4915
CT,Killingworth,0.515,0.468,2270,2061
CT,Lebanon,0.45,0.534,2009,2381
CT,Ledyard,0.534,0.445,4443,3702
CT,Lisbon,0.433,0.546,1031,1301
CT,Litchfield,0.503,0.482,2660,2545
CT,Lyme,0.653,0.325,1080,537
CT,Madison,0.614,0.371,7373,4454
CT,Manchester,0.649,0.33,17318,8791
CT,Mansfield,0.733,0.246,6690,2250
CT,Marlborough,0.529,0.455,2115,1819
CT,Meriden,0.56,0.426,13326,10131
CT,Middlebury,0.432,0.552,2209,2820
CT,Middlefield,0.498,0.484,1396,1358
CT,Middletown,0.635,0.346,13986,7611
CT,Milford,0.473,0.467,14575,14405
CT,Monroe,0.465,0.519,5346,5961
CT,Montville,0.487,0.497,4316,4397
CT,Morris,0.405,0.575,604,858
CT,Naugatuck,0.443,0.542,6252,7647
CT,New Britain,0.608,0.373,13483,8282
CT,New Canaan,0.558,0.421,6644,5023
CT,New Fairfield,0.443,0.544,3653,4485
CT,New Hartford,0.46,0.523,2046,2325
CT,New Haven,0.804,0.174,30662,6626
CT,New London,0.706,0.274,6248,2420
CT,New Milford,0.471,0.515,7311,7995
CT,Newington,0.55,0.432,9253,7258
CT,Newtown,0.539,0.441,9316,7624
CT,Norfolk,0.626,0.354,634,358
CT,North Branford,0.407,0.58,3452,4921
CT,North Canaan,0.475,0.516,667,725
CT,North Haven,0.455,0.532,6819,7977
CT,North Stonington,0.475,0.505,1560,1661
CT,Norwalk,0.636,0.35,26526,14586
CT,Norwich,0.577,0.406,8617,6051
CT,Old Lyme,0.583,0.399,3107,2127
CT,Old Saybrook,0.581,0.409,4150,2921
CT,Orange,0.494,0.487,4393,4336
CT,Oxford,0.387,0.601,3327,5160
CT,Plainfield,0.38,0.607,2716,4343
CT,Plainville,0.467,0.519,4437,4930
CT,Plymouth,0.364,0.619,2354,4001
CT,Pomfret,0.535,0.452,1327,1120
CT,Portland,0.523,0.46,3127,2753
CT,Preston,0.424,0.557,1194,1569
CT,Prospect,0.342,0.647,2069,3915
CT,Putnam,0.449,0.536,1975,2359
CT,Redding,0.637,0.343,3619,1948
CT,Ridgefield,0.627,0.357,9704,5520
CT,Rocky Hill,0.526,0.458,5471,4767
CT,Roxbury,0.562,0.422,857,643
CT,Salem,0.475,0.506,1263,1345
CT,Salisbury,0.772,0.208,1959,528
CT,Scotland,0.4,0.584,382,558
CT,Seymour,0.403,0.581,3680,5296
CT,Sharon,0.678,0.31,1068,488
CT,Shelton,0.436,0.55,10282,12985
CT,Sherman,0.537,0.447,1212,1008
CT,Simsbury,0.638,0.342,10271,5498
CT,Somers,0.405,0.581,2349,3376
CT,South Windsor,0.584,0.39,8554,5715
CT,Southbury,0.496,0.488,6315,6207
CT,Southington,0.465,0.52,12319,13755
CT,Sprague,0.411,0.564,630,863
CT,Stafford,0.416,0.569,2698,3685
CT,Stamford,0.625,0.358,35570,20370
CT,Sterling,0.291,0.694,588,1403
CT,Stonington,0.626,0.359,7379,4224
CT,Stratford,0.585,0.403,15708,10812
CT,Suffield,0.482,0.501,4164,4331
CT,Thomaston,0.325,0.662,1436,2922
CT,Thompson,0.365,0.623,1800,3077
CT,Tolland,0.527,0.454,4865,4193
CT,Torrington,0.422,0.563,6881,9168
CT,Trumbull,0.516,0.466,11294,10202
CT,Union,0.418,0.56,235,315
CT,Vernon,0.581,0.401,8723,6020
CT,Voluntown,0.373,0.603,575,929
CT,Wallingford,0.505,0.478,12465,11812
CT,Warren,0.507,0.483,487,464
CT,Washington,0.654,0.333,1456,742
CT,Waterbury,0.548,0.44,18328,14723
CT,Waterford,0.544,0.439,6507,5258
CT,Watertown,0.342,0.644,4307,8102
CT,West Hartford,0.74,0.24,26254,8494
CT,West Haven,0.6,0.387,12310,7949
CT,Westbrook,0.515,0.474,2178,2006
CT,Weston,0.692,0.289,4294,1797
CT,Westport,0.714,0.272,11769,4476
CT,Wethersfield,0.566,0.415,8807,6462
CT,Willington,0.468,0.509,1489,1620
CT,Wilton,0.644,0.337,7054,3689
CT,Winchester,0.427,0.555,2310,3000
CT,Windham,0.588,0.39,4718,3127
CT,Windsor,0.732,0.249,12280,4176
CT,Windsor Locks,0.509,0.474,3402,3169
CT,Wolcott,0.33,0.655,3189,6343
CT,Woodbridge,0.648,0.332,3515,1800
CT,Woodbury,0.479,0.508,3091,3278
CT,Woodstock,0.474,0.51,2451,2639
DE,Kent,0.501,0.481,44222,42458
DE,New Castle,0.653,0.328,180700,90868
DE,Sussex,0.439,0.548,64836,81025
DC,Ward 1,0.911,0.051,36882,2056
DC,Ward 2,0.884,0.079,33571,2982
DC,Ward 3,0.886,0.079,39521,3544
DC,Ward 4,0.911,0.059,38628,2511
DC,Ward 5,0.918,0.051,41413,2309
DC,Ward 6,0.889,0.075,43262,3638
DC,Ward 7,0.917,0.056,33972,2092
DC,Ward 8,0.909,0.066,26936,1944
FL,Alachua,0.597,0.388,81578,52939
FL,Baker,0.132,0.863,1982,12926
FL,Bay,0.258,0.731,25201,71497
FL,Bradford,0.211,0.784,2946,10920
FL,Brevard,0.391,0.599,141233,216533
FL,Broward,0.58,0.41,507328,358952
FL,Calhoun,0.159,0.835,1021,5367
FL,Charlotte,0.327,0.667,40450,82480
FL,Citrus,0.267,0.726,26276,71356
FL,Clay,0.299,0.692,37926,87711
FL,Collier,0.331,0.662,71720,143267
FL,Columbia,0.246,0.747,8250,25108
FL,DeSoto,0.282,0.712,3525,8888
FL,Dixie,0.145,0.849,1183,6920
FL,Duval,0.487,0.501,229365,236285
FL,Escambia,0.397,0.592,64601,96407
FL,Flagler,0.356,0.638,28431,51014
FL,Franklin,0.277,0.715,1870,4831
FL,Gadsden,0.649,0.343,14203,7495
FL,Gilchrist,0.155,0.836,1662,8931
FL,Glades,0.231,0.764,1222,4034
FL,Gulf,0.226,0.769,1970,6684
FL,Hamilton,0.301,0.691,1727,3964
FL,Hardee,0.215,0.778,1751,6336
FL,Hendry,0.304,0.687,4096,9253
FL,Hernando,0.311,0.682,34431,75446
FL,Highlands,0.293,0.701,15227,36382
FL,Hillsborough,0.478,0.509,321455,342017
FL,Holmes,0.097,0.899,882,8193
FL,Indian River,0.36,0.634,35654,62737
FL,Jackson,0.267,0.727,5892,16074
FL,Jefferson,0.403,0.589,3429,5011
FL,Lafayette,0.117,0.877,441,3296
FL,Lake,0.373,0.619,84546,140500
FL,Lee,0.355,0.639,139240,250661
FL,Leon,0.603,0.385,94520,60397
FL,Levy,0.246,0.748,5994,18245
FL,Liberty,0.162,0.83,566,2898
FL,Madison,0.353,0.641,3231,5874
FL,Manatee,0.379,0.614,86674,140486
FL,Marion,0.338,0.655,72436,140173
FL,Martin,0.341,0.652,33539,64121
FL,Miami-Dade,0.439,0.554,480355,605590
FL,Monroe,0.405,0.588,17933,26064
FL,Nassau,0.261,0.731,17143,47945
FL,Okaloosa,0.282,0.707,32074,80309
FL,Okeechobee,0.229,0.767,3671,12315
FL,Orange,0.561,0.425,340807,258279
FL,Osceola,0.487,0.502,84205,86713
FL,Palm Beach,0.5,0.492,372512,366836
FL,Pasco,0.369,0.621,117450,197779
FL,Pinellas,0.469,0.521,242452,269472
FL,Polk,0.392,0.599,136879,209044
FL,Putnam,0.258,0.736,9354,26700
FL,Santa Rosa,0.24,0.75,27035,84314
FL,Sarasota,0.405,0.587,112668,163219
FL,Seminole,0.476,0.511,120717,129735
FL,St. Johns,0.338,0.652,66862,128759
FL,St. Lucie,0.451,0.542,83517,100293
FL,Sumter,0.309,0.686,32551,72134
FL,Suwannee,0.193,0.802,4217,17561
FL,Taylor,0.199,0.796,1991,7954
FL,Union,0.156,0.838,971,5224
FL,Volusia,0.387,0.604,120132,187691
FL,Wakulla,0.274,0.717,5441,14246
FL,Walton,0.207,0.786,10287,38970
FL,Washington,0.17,0.824,2140,10370
GA,Appling,0.187,0.811,1560,6761
GA,Atkinson,0.229,0.769,700,2350
GA,Bacon,0.133,0.865,645,4186
GA,Baker,0.4,0.598,590,883
GA,Baldwin,0.486,0.509,9159,9574
GA,Banks,0.108,0.89,1136,9358
GA,Barrow,0.295,0.699,12949,30730
GA,Bartow,0.242,0.752,13942,43271
GA,Ben Hill,0.338,0.659,2199,4281
GA,Berrien,0.15,0.848,1209,6841
GA,Bibb,0.61,0.385,42172,26658
GA,Bleckley,0.222,0.775,1339,4685
GA,Brantley,0.087,0.911,736,7744
GA,Brooks,0.365,0.632,2629,4560
GA,Bryan,0.316,0.679,7779,16738
GA,Bulloch,0.353,0.643,11514,20985
GA,Burke,0.451,0.544,4994,6027
GA,Butts,0.272,0.724,3544,9424
GA,Calhoun,0.561,0.438,1153,900
GA,Camden,0.318,0.675,8405,17819
GA,Candler,0.262,0.737,1196,3366
GA,Carroll,0.291,0.703,17634,42536
GA,Catoosa,0.22,0.775,7704,27150
GA,Charlton,0.218,0.779,1007,3607
GA,Chatham,0.586,0.406,82758,57336
GA,Chattahoochee,0.415,0.58,703,982
GA,Chattooga,0.177,0.819,1896,8769
GA,Cherokee,0.301,0.691,48838,112142
GA,Clarke,0.686,0.303,36297,16049
GA,Clay,0.535,0.46,771,663
GA,Clayton,0.843,0.151,94203,16877
GA,Clinch,0.241,0.757,702,2201
GA,Cobb,0.569,0.42,228404,168679
GA,Coffee,0.273,0.725,4295,11388
GA,Colquitt,0.248,0.749,4114,12451
GA,Columbia,0.368,0.624,31624,53657
GA,Cook,0.266,0.73,1956,5374
GA,Coweta,0.327,0.666,28111,57204
GA,Crawford,0.249,0.748,1582,4742
GA,Crisp,0.369,0.628,2993,5099
GA,Dade,0.164,0.83,1343,6804
GA,Dawson,0.171,0.824,3350,16115
GA,Decatur,0.379,0.618,4372,7140
GA,DeKalb,0.819,0.171,299630,62622
GA,Dodge,0.249,0.748,2081,6249
GA,Dooly,0.46,0.537,1921,2243
GA,Dougherty,0.704,0.293,23831,9904
GA,Douglas,0.654,0.339,46240,23996
GA,Early,0.442,0.557,2158,2718
GA,Echols,0.088,0.909,127,1307
GA,Effingham,0.252,0.743,9144,26943
GA,Elbert,0.282,0.715,2700,6860
GA,Emanuel,0.278,0.719,2673,6919
GA,Evans,0.286,0.709,1214,3011
GA,Fannin,0.174,0.822,2807,13232
GA,Fayette,0.48,0.512,35822,38177
GA,Floyd,0.287,0.707,12862,31631
GA,Forsyth,0.329,0.66,45509,91281
GA,Franklin,0.136,0.861,1647,10459
GA,Fulton,0.719,0.27,384752,144655
GA,Gilmer,0.185,0.81,3413,14976
GA,Glascock,0.08,0.918,133,1534
GA,Glynn,0.368,0.627,16144,27558
GA,Gordon,0.18,0.815,4982,22495
GA,Grady,0.307,0.689,3290,7385
GA,Greene,0.353,0.642,4514,8215
GA,Gwinnett,0.576,0.411,242507,173041
GA,Habersham,0.173,0.822,4036,19142
GA,Hall,0.278,0.716,28347,72991
GA,Hancock,0.675,0.322,2864,1364
GA,Haralson,0.126,0.87,2065,14239
GA,Harris,0.267,0.728,5976,16283
GA,Hart,0.224,0.772,3210,11064
GA,Heard,0.138,0.859,859,5335
GA,Henry,0.645,0.349,83253,44982
GA,Houston,0.441,0.553,35907,45090
GA,Irwin,0.227,0.769,986,3340
GA,Jackson,0.222,0.773,10472,36497
GA,Jasper,0.206,0.79,1881,7203
GA,Jeff Davis,0.157,0.84,924,4935
GA,Jefferson,0.492,0.504,3674,3765
GA,Jenkins,0.346,0.65,1179,2217
GA,Johnson,0.268,0.731,1066,2913
GA,Jones,0.308,0.688,4959,11079
GA,Lamar,0.268,0.728,2795,7575
GA,Lanier,0.266,0.73,995,2726
GA,Laurens,0.335,0.662,7820,15460
GA,Lee,0.28,0.716,4957,12655
GA,Liberty,0.584,0.41,13459,9441
GA,Lincoln,0.274,0.722,1351,3559
GA,Long,0.351,0.646,2476,4557
GA,Lowndes,0.408,0.587,19487,28081
GA,Lumpkin,0.188,0.805,3356,14339
GA,Macon,0.588,0.409,2755,1916
GA,Madison,0.224,0.771,3753,12951
GA,Marion,0.346,0.648,1253,2348
GA,McDuffie,0.373,0.623,3937,6562
GA,McIntosh,0.355,0.641,2628,4747
GA,Meriwether,0.371,0.626,4373,7375
GA,Miller,0.246,0.751,670,2045
GA,Mitchell,0.417,0.58,3701,5150
GA,Monroe,0.265,0.732,4689,12954
GA,Montgomery,0.233,0.763,927,3033
GA,Morgan,0.268,0.727,3533,9589
GA,Murray,0.141,0.857,2459,14965
GA,Muscogee,0.614,0.38,49413,30616
GA,Newton,0.573,0.422,33839,24893
GA,Oconee,0.316,0.675,8620,18424
GA,Oglethorpe,0.285,0.709,2515,6255
GA,Paulding,0.376,0.617,35802,58769
GA,Peach,0.468,0.528,6293,7104
GA,Pickens,0.168,0.826,3522,17281
GA,Pierce,0.112,0.887,1089,8655
GA,Pike,0.131,0.866,1648,10864
GA,Polk,0.196,0.801,3749,15352
GA,Pulaski,0.295,0.7,1281,3036
GA,Putnam,0.287,0.709,3696,9136
GA,Quitman,0.421,0.575,480,656
GA,Rabun,0.213,0.782,2222,8151
GA,Randolph,0.535,0.459,1601,1373
GA,Richmond,0.678,0.317,56657,26472
GA,Rockdale,0.734,0.259,33165,11711
GA,Schley,0.187,0.811,453,1970
GA,Screven,0.373,0.625,2581,4325
GA,Seminole,0.297,0.702,1191,2811
GA,Spalding,0.414,0.581,13679,19184
GA,Stephens,0.183,0.812,2404,10632
GA,Stewart,0.58,0.418,1177,847
GA,Sumter,0.509,0.487,6136,5869
GA,Talbot,0.559,0.439,1888,1483
GA,Taliaferro,0.574,0.424,507,375
GA,Tattnall,0.231,0.765,1967,6515
GA,Taylor,0.343,0.653,1366,2600
GA,Telfair,0.302,0.695,1274,2930
GA,Terrell,0.519,0.478,2253,2075
GA,Thomas,0.378,0.619,8347,13670
GA,Tift,0.32,0.677,5438,11496
GA,Toombs,0.245,0.752,2674,8208
GA,Towns,0.187,0.809,1649,7155
GA,Treutlen,0.277,0.721,864,2250
GA,Troup,0.376,0.619,11757,19392
GA,Turner,0.356,0.641,1365,2457
GA,Twiggs,0.425,0.572,1895,2549
GA,Union,0.185,0.81,3309,14477
GA,Upson,0.3,0.697,4098,9528
GA,Walker,0.201,0.793,6436,25462
GA,Walton,0.267,0.726,15605,42407
GA,Ware,0.283,0.714,4068,10279
GA,Warren,0.522,0.475,1354,1232
GA,Washington,0.489,0.508,4643,4824
GA,Wayne,0.2,0.797,2708,10811
GA,Webster,0.407,0.591,544,790
GA,Wheeler,0.273,0.724,622,1648
GA,White,0.155,0.84,2609,14136
GA,Whitfield,0.275,0.719,10953,28655
GA,Wilcox,0.253,0.745,847,2493
GA,Wilkes,0.414,0.583,2112,2971
GA,Wilkinson,0.41,0.588,2012,2888
GA,Worth,0.247,0.751,2300,6991
HI,Hawaii,0.63,0.347,52163,28748
HI,Honolulu,0.599,0.383,204301,130489
HI,Kauai,0.588,0.393,17675,11803
HI,Maui,0.619,0.36,38905,22621
ID,Ada,0.434,0.538,116116,143759
ID,Adams,0.215,0.76,577,2037
ID,Bannock,0.358,0.609,14306,24329
ID,Bear Lake,0.104,0.875,346,2908
ID,Benewah,0.182,0.796,935,4094
ID,Bingham,0.188,0.784,3878,16188
ID,Blaine,0.644,0.327,8424,4281
ID,Boise,0.217,0.759,1065,3727
ID,Bonner,0.257,0.719,7650,21352
ID,Bonneville,0.256,0.71,14458,40053
ID,Boundary,0.161,0.815,1145,5794
ID,Butte,0.124,0.849,185,1268
ID,Camas,0.21,0.751,153,547
ID,Canyon,0.254,0.72,25669,72755
ID,Caribou,0.129,0.841,445,2906
ID,Cassia,0.142,0.833,1359,7959
ID,Clark,0.15,0.841,50,280
ID,Clearwater,0.175,0.803,774,3550
ID,Custer,0.221,0.754,586,1998
ID,Elmore,0.245,0.73,2611,7791
ID,Franklin,0.098,0.874,703,6279
ID,Fremont,0.14,0.83,954,5645
ID,Gem,0.16,0.82,1699,8707
ID,Gooding,0.186,0.79,1100,4676
ID,Idaho County,0.148,0.826,1460,8148
ID,Jefferson,0.12,0.852,1891,13481
ID,Jerome,0.219,0.757,1742,6012
ID,Kootenai,0.229,0.748,22113,72059
ID,Latah,0.442,0.522,9039,10669
ID,Lemhi,0.213,0.762,1038,3716
ID,Lewis,0.165,0.815,305,1503
ID,Lincoln,0.204,0.765,392,1466
ID,Madison,0.159,0.802,2767,13925
ID,Minidoka,0.173,0.805,1373,6401
ID,Nez Perce,0.294,0.681,5928,13707
ID,Oneida,0.103,0.862,253,2119
ID,Owyhee,0.153,0.828,756,4101
ID,Payette,0.175,0.804,2064,9458
ID,Power,0.26,0.71,785,2146
ID,Shoshone,0.24,0.734,1472,4500
ID,Teton,0.517,0.449,3463,3005
ID,Twin Falls,0.242,0.73,9064,27304
ID,Valley,0.396,0.582,2869,4214
ID,Washington,0.182,0.797,1010,4429
IL,Adams,0.255,0.729,8111,23161
IL,Alexander,0.398,0.59,904,1341
IL,Bond,0.265,0.712,2117,5692
IL,Boone,0.419,0.564,10159,13673
IL,Brown,0.19,0.789,467,1938
IL,Bureau,0.369,0.612,5900,9784
IL,Calhoun,0.209,0.768,560,2059
IL,Carroll,0.332,0.648,2600,5082
IL,Cass,0.274,0.708,1438,3712
IL,Champaign,0.606,0.368,54314,32965
IL,Chicago,0.774,0.203,775699,203817
IL,Christian,0.259,0.725,4026,11278
IL,Clark,0.235,0.747,1927,6130
IL,Clay,0.156,0.829,1054,5610
IL,Clinton,0.231,0.749,4447,14407
IL,Coles,0.348,0.633,7495,13606
IL,Cook,0.696,0.281,1447821,583852
IL,Cook Suburbs,0.624,0.353,672122,380035
IL,Crawford,0.229,0.753,2048,6727
IL,Cumberland,0.184,0.802,1059,4627
IL,DeKalb,0.499,0.479,23648,22716
IL,DeWitt,0.265,0.713,2058,5529
IL,Douglas,0.261,0.722,2198,6076
IL,DuPage,0.55,0.418,251164,191243
IL,Edgar,0.229,0.753,1816,5955
IL,Edwards,0.139,0.849,457,2794
IL,Effingham,0.19,0.792,3617,15124
IL,Fayette,0.17,0.817,1632,7847
IL,Ford,0.251,0.729,1643,4778
IL,Franklin,0.241,0.746,4257,13200
IL,Fulton,0.37,0.609,5980,9827
IL,Gallatin,0.222,0.76,561,1923
IL,Greene,0.201,0.779,1220,4719
IL,Grundy,0.344,0.639,9143,16997
IL,Hamilton,0.177,0.809,739,3385
IL,Hancock,0.241,0.74,2183,6708
IL,Hardin,0.185,0.803,357,1546
IL,Henderson,0.296,0.684,1026,2369
IL,Henry,0.368,0.612,9226,15359
IL,Iroquois,0.206,0.779,2747,10376
IL,Jackson,0.507,0.472,11394,10614
IL,Jasper,0.168,0.82,912,4449
IL,Jefferson,0.254,0.732,4240,12189
IL,Jersey,0.241,0.743,2816,8684
IL,Jo Daviess,0.407,0.575,5051,7136
IL,Johnson,0.203,0.786,1241,4798
IL,Kane,0.537,0.444,120077,99260
IL,Kankakee,0.387,0.595,18399,28285
IL,Kendall,0.497,0.481,32977,31970
IL,Knox,0.443,0.537,9838,11917
IL,Lake,0.594,0.387,184642,120402
IL,LaSalle,0.4,0.585,21029,30717
IL,Lawrence,0.21,0.772,1283,4715
IL,Lee,0.379,0.601,6105,9680
IL,Livingston,0.26,0.723,4311,11970
IL,Logan,0.282,0.697,3543,8757
IL,Macon,0.397,0.586,18009,26562
IL,Macoupin,0.294,0.686,6892,16065
IL,Madison,0.423,0.555,56341,73925
IL,Marion,0.246,0.74,4116,12409
IL,Marshall,0.312,0.672,1913,4119
IL,Mason,0.278,0.7,1773,4464
IL,Massac,0.252,0.74,1683,4939
IL,McDonough,0.395,0.584,4736,6987
IL,McHenry,0.464,0.517,75370,83933
IL,McLean,0.514,0.466,44495,40290
IL,Menard,0.285,0.7,1834,4499
IL,Mercer,0.353,0.625,2950,5215
IL,Monroe,0.31,0.672,6473,14055
IL,Montgomery,0.271,0.71,3573,9378
IL,Morgan,0.33,0.655,4848,9607
IL,Moultrie,0.247,0.738,1615,4816
IL,Ogle,0.344,0.638,8883,16450
IL,Peoria,0.513,0.466,40564,36896
IL,Perry,0.232,0.751,2146,6949
IL,Piatt,0.337,0.642,3204,6104
IL,Pike,0.173,0.81,1302,6086
IL,Pope,0.195,0.796,416,1698
IL,Pulaski,0.323,0.665,769,1583
IL,Putnam,0.376,0.604,1254,2014
IL,Randolph,0.241,0.741,3461,10624
IL,Richland,0.225,0.759,1747,5889
IL,Rock Island,0.538,0.442,34126,28061
IL,Saline,0.248,0.738,2634,7830
IL,Sangamon,0.465,0.514,46074,50979
IL,Schuyler,0.256,0.723,961,2720
IL,Scott,0.189,0.8,488,2071
IL,Shelby,0.192,0.794,2240,9267
IL,St. Clair,0.529,0.45,63433,54021
IL,Stark,0.263,0.718,725,1983
IL,Stephenson,0.394,0.588,8278,12347
IL,Tazewell,0.358,0.624,24325,42451
IL,Union,0.278,0.71,2285,5837
IL,Vermilion,0.313,0.669,9254,19777
IL,Wabash,0.223,0.762,1200,4095
IL,Warren,0.364,0.615,2711,4579
IL,Washington,0.207,0.779,1564,5892
IL,Wayne,0.14,0.848,1155,7019
IL,White,0.197,0.79,1390,5586
IL,Whiteside,0.416,0.563,11012,14898
IL,Will,0.497,0.481,162874,157672
IL,Williamson,0.299,0.686,9890,22686
IL,Winnebago,0.494,0.488,59942,59257
IL,Woodford,0.282,0.702,5958,14837
IN,Adams,0.228,0.754,3179,10528
IN,Allen,0.429,0.553,69960,90283
IN,Bartholomew,0.353,0.626,12525,22220
IN,Benton,0.255,0.727,1010,2873
IN,Blackford,0.239,0.742,1227,3811
IN,Boone,0.41,0.569,16426,22840
IN,Brown,0.328,0.655,2832,5647
IN,Carroll,0.231,0.751,2120,6902
IN,Cass,0.262,0.724,3722,10285
IN,Clark,0.389,0.593,22810,34734
IN,Clay,0.207,0.776,2495,9354
IN,Clinton,0.252,0.732,3135,9108
IN,Crawford,0.246,0.732,1235,3668
IN,Daviess,0.171,0.814,1963,9322
IN,Dearborn,0.201,0.784,5335,20844
IN,Decatur,0.199,0.784,2406,9491
IN,DeKalb,0.256,0.726,5064,14377
IN,Delaware,0.412,0.569,18848,26067
IN,Dubois,0.277,0.699,5944,14983
IN,Elkhart,0.331,0.654,23082,45652
IN,Fayette,0.212,0.775,2084,7625
IN,Floyd,0.413,0.568,17025,23408
IN,Fountain,0.191,0.791,1526,6311
IN,Franklin,0.171,0.815,2061,9810
IN,Fulton,0.237,0.749,2097,6633
IN,Gibson,0.234,0.748,3722,11896
IN,Grant,0.281,0.699,7083,17580
IN,Greene,0.223,0.761,3270,11132
IN,Hamilton,0.459,0.52,90394,102318
IN,Hancock,0.322,0.659,14312,29288
IN,Harrison,0.256,0.725,5233,14830
IN,Hendricks,0.384,0.598,31917,49783
IN,Henry,0.253,0.73,5208,15033
IN,Howard,0.314,0.667,12197,25871
IN,Huntington,0.249,0.732,4416,12990
IN,Jackson,0.215,0.768,4015,14323
IN,Jasper,0.22,0.763,3489,12082
IN,Jay,0.216,0.767,1747,6217
IN,Jefferson,0.31,0.671,4442,9614
IN,Jennings,0.197,0.785,2328,9273
IN,Johnson,0.32,0.663,24880,51588
IN,Knox,0.24,0.744,3625,11236
IN,Kosciusko,0.229,0.751,7995,26213
IN,LaGrange,0.208,0.775,2162,8073
IN,Lake,0.521,0.464,109086,97270
IN,LaPorte,0.421,0.562,20007,26726
IN,Lawrence,0.236,0.746,5010,15830
IN,Madison,0.356,0.625,19824,34837
IN,Marion,0.629,0.352,221719,124327
IN,Marshall,0.274,0.707,5356,13837
IN,Martin,0.187,0.793,933,3961
IN,Miami,0.218,0.763,3046,10670
IN,Monroe,0.628,0.354,37213,21004
IN,Montgomery,0.249,0.731,4134,12122
IN,Morgan,0.22,0.763,7765,26965
IN,Newton,0.208,0.777,1370,5131
IN,Noble,0.235,0.749,4462,14209
IN,Ohio,0.215,0.77,666,2381
IN,Orange,0.231,0.752,1988,6467
IN,Owen,0.238,0.745,2354,7360
IN,Parke,0.206,0.775,1371,5158
IN,Perry,0.343,0.64,2970,5549
IN,Pike,0.219,0.767,1314,4610
IN,Porter,0.438,0.543,37213,46109
IN,Posey,0.275,0.709,3572,9206
IN,Pulaski,0.222,0.759,1280,4372
IN,Putnam,0.231,0.751,3871,12566
IN,Randolph,0.223,0.759,2349,8008
IN,Ripley,0.186,0.8,2682,11526
IN,Rush,0.219,0.759,1675,5812
IN,Scott,0.235,0.749,2389,7633
IN,Shelby,0.251,0.731,4955,14438
IN,Spencer,0.273,0.705,2853,7364
IN,St. Joseph,0.498,0.484,55215,53585
IN,Starke,0.232,0.753,2436,7889
IN,Steuben,0.281,0.702,4598,11487
IN,Sullivan,0.228,0.755,2006,6639
IN,Switzerland,0.205,0.779,873,3319
IN,Tippecanoe,0.488,0.49,32683,32783
IN,Tipton,0.237,0.745,1893,5946
IN,Union,0.214,0.772,746,2698
IN,Vanderburgh,0.43,0.556,31727,41056
IN,Vermillion,0.266,0.713,1928,5174
IN,Vigo,0.399,0.58,16338,23738
IN,Wabash,0.239,0.747,3335,10425
IN,Warren,0.205,0.778,898,3402
IN,Warrick,0.341,0.643,11292,21280
IN,Washington,0.217,0.765,2764,9739
IN,Wayne,0.329,0.653,8828,17526
IN,Wells,0.202,0.78,2850,11006
IN,White,0.264,0.714,2945,7969
IN,Whitley,0.241,0.739,4275,13122
IA,Adair,0.266,0.715,1086,2916
IA,Adams,0.27,0.711,576,1517
IA,Allamakee,0.321,0.664,2350,4857
IA,Appanoose,0.26,0.725,1686,4704
IA,Audubon,0.299,0.681,970,2214
IA,Benton,0.327,0.658,4739,9549
IA,Black Hawk,0.498,0.486,31299,30572
IA,Boone,0.383,0.597,5895,9199
IA,Bremer,0.381,0.602,5571,8799
IA,Buchanan,0.35,0.632,3766,6790
IA,Buena Vista,0.327,0.658,2462,4962
IA,Butler,0.266,0.719,2144,5784
IA,Calhoun,0.261,0.727,1328,3708
IA,Carroll,0.283,0.701,3153,7814
IA,Cass,0.288,0.694,2077,5007
IA,Cedar,0.383,0.6,4075,6390
IA,Cerro Gordo,0.432,0.549,9955,12627
IA,Cherokee,0.264,0.72,1611,4398
IA,Chickasaw,0.307,0.679,1919,4234
IA,Clarke,0.282,0.701,1265,3140
IA,Clay,0.277,0.708,2367,6047
IA,Clayton,0.321,0.665,3017,6255
IA,Clinton,0.397,0.585,9472,13964
IA,Crawford,0.277,0.711,1812,4651
IA,Dallas,0.467,0.514,29402,32374
IA,Davis,0.222,0.766,878,3027
IA,Decatur,0.256,0.725,957,2711
IA,Delaware,0.294,0.689,2978,6984
IA,Des Moines,0.416,0.566,7935,10794
IA,Dickinson,0.293,0.692,3297,7775
IA,Dubuque,0.449,0.535,23705,28224
IA,Emmet,0.274,0.713,1315,3422
IA,Fayette,0.338,0.642,3334,6325
IA,Floyd,0.364,0.62,2782,4744
IA,Franklin,0.284,0.7,1393,3431
IA,Fremont,0.27,0.714,1023,2711
IA,Greene,0.328,0.658,1603,3211
IA,Grundy,0.283,0.699,2019,4998
IA,Guthrie,0.302,0.68,1974,4446
IA,Hamilton,0.327,0.659,2482,5004
IA,Hancock,0.256,0.73,1523,4336
IA,Hardin,0.302,0.684,2553,5790
IA,Harrison,0.282,0.699,2245,5566
IA,Henry,0.312,0.671,2995,6439
IA,Howard,0.334,0.651,1619,3157
IA,Humboldt,0.243,0.742,1236,3770
IA,Ida,0.226,0.758,826,2771
IA,Iowa,0.353,0.63,3400,6068
IA,Jackson,0.33,0.655,3567,7074
IA,Jasper,0.354,0.629,7141,12701
IA,Jefferson,0.454,0.522,3788,4353
IA,Johnson,0.679,0.301,58846,26087
IA,Jones,0.359,0.621,3942,6820
IA,Keokuk,0.237,0.751,1219,3869
IA,Kossuth,0.272,0.713,2284,5983
IA,Lee,0.349,0.627,5659,10152
IA,Linn,0.54,0.441,66358,54237
IA,Louisa,0.288,0.697,1480,3584
IA,Lucas,0.252,0.732,1169,3400
IA,Lyon,0.146,0.842,1023,5899
IA,Madison,0.3,0.684,3008,6864
IA,Mahaska,0.235,0.75,2577,8207
IA,Marion,0.303,0.679,5928,13289
IA,Marshall,0.413,0.568,7134,9815
IA,Mills,0.298,0.687,2456,5671
IA,Mitchell,0.337,0.647,1943,3736
IA,Monona,0.267,0.718,1236,3331
IA,Monroe,0.241,0.747,1002,3104
IA,Montgomery,0.297,0.687,1508,3486
IA,Muscatine,0.416,0.565,8212,11152
IA,O'Brien,0.19,0.797,1428,5998
IA,Osceola,0.172,0.812,555,2623
IA,Page,0.281,0.704,2060,5153
IA,Palo Alto,0.269,0.718,1338,3576
IA,Plymouth,0.222,0.763,3104,10661
IA,Pocahontas,0.222,0.761,796,2727
IA,Polk,0.545,0.437,140075,112240
IA,Pottawattamie,0.392,0.591,17468,26335
IA,Poweshiek,0.406,0.575,4067,5758
IA,Ringgold,0.238,0.75,638,2015
IA,Sac,0.236,0.751,1289,4100
IA,Scott,0.471,0.51,42479,45976
IA,Shelby,0.278,0.707,1811,4600
IA,Sioux,0.138,0.845,2626,16053
IA,Story,0.54,0.437,26765,21665
IA,Tama,0.356,0.624,3070,5379
IA,Taylor,0.216,0.773,666,2381
IA,Union,0.312,0.672,1874,4044
IA,Van Buren,0.215,0.768,778,2785
IA,Wapello,0.336,0.65,4896,9479
IA,Warren,0.388,0.594,12712,19486
IA,Washington,0.371,0.614,4297,7119
IA,Wayne,0.206,0.776,643,2426
IA,Webster,0.337,0.648,5641,10850
IA,Winnebago,0.338,0.644,1909,3636
IA,Winneshiek,0.444,0.537,5321,6427
IA,Woodbury,0.376,0.605,16145,25969
IA,Worth,0.352,0.633,1508,2715
IA,Wright,0.309,0.673,1770,3853
KS,Allen,0.258,0.719,1445,4029
KS,Anderson,0.193,0.791,732,2998
KS,Atchison,0.303,0.677,2201,4911
KS,Barber,0.133,0.854,288,1854
KS,Barton,0.209,0.776,2207,8205
KS,Bourbon,0.22,0.761,1444,5003
KS,Brown,0.25,0.729,1065,3106
KS,Butler,0.284,0.696,9150,22426
KS,Chase,0.238,0.746,348,1090
KS,Chautauqua,0.138,0.851,211,1299
KS,Cherokee,0.226,0.755,1970,6584
KS,Cheyenne,0.145,0.833,206,1185
KS,Clark,0.127,0.855,129,867
KS,Clay,0.211,0.766,867,3150
KS,Cloud,0.19,0.795,767,3218
KS,Coffey,0.213,0.77,934,3371
KS,Comanche,0.149,0.832,130,727
KS,Cowley,0.29,0.693,3919,9360
KS,Crawford,0.365,0.617,5956,10084
KS,Decatur,0.148,0.838,215,1217
KS,Dickinson,0.218,0.767,1989,7014
KS,Doniphan,0.175,0.81,626,2899
KS,Douglas,0.682,0.302,39582,17523
KS,Edwards,0.168,0.821,213,1042
KS,Elk,0.143,0.839,191,1123
KS,Ellis,0.26,0.721,3511,9743
KS,Ellsworth,0.231,0.753,636,2078
KS,Finney,0.318,0.665,3425,7166
KS,Ford,0.299,0.683,2461,5616
KS,Franklin,0.289,0.69,3676,8773
KS,Geary,0.401,0.577,3674,5288
KS,Gove,0.107,0.879,150,1227
KS,Graham,0.163,0.82,210,1055
KS,Grant,0.178,0.808,395,1793
KS,Gray,0.148,0.838,324,1837
KS,Greeley,0.126,0.86,75,510
KS,Greenwood,0.188,0.797,541,2299
KS,Hamilton,0.161,0.823,131,671
KS,Harper,0.171,0.811,437,2072
KS,Harvey,0.386,0.596,6202,9591
KS,Haskell,0.173,0.818,221,1045
KS,Hodgeman,0.141,0.846,136,817
KS,Jackson,0.278,0.704,1799,4557
KS,Jefferson,0.305,0.674,3030,6694
KS,Jewell,0.112,0.87,176,1370
KS,Johnson,0.533,0.449,183451,154247
KS,Kearny,0.147,0.832,192,1082
KS,Kingman,0.191,0.79,753,3119
KS,Kiowa,0.136,0.85,151,941
KS,Labette,0.301,0.683,2385,5410
KS,Lane,0.132,0.841,111,709
KS,Leavenworth,0.376,0.603,13732,22055
KS,Lincoln,0.166,0.818,250,1233
KS,Linn,0.17,0.816,854,4093
KS,Logan,0.131,0.847,183,1186
KS,Lyon,0.416,0.563,5515,7462
KS,Marion,0.243,0.735,1429,4312
KS,Marshall,0.243,0.733,1205,3644
KS,McPherson,0.285,0.696,4021,9816
KS,Meade,0.146,0.842,247,1427
KS,Miami,0.293,0.688,5472,12854
KS,Mitchell,0.166,0.822,528,2608
KS,Montgomery,0.236,0.746,2934,9287
KS,Morris,0.258,0.724,721,2021
KS,Morton,0.124,0.857,131,909
KS,Nemaha,0.158,0.828,888,4655
KS,Neosho,0.25,0.731,1696,4961
KS,Ness,0.095,0.884,129,1205
KS,Norton,0.152,0.829,346,1882
KS,Osage,0.247,0.727,1946,5736
KS,Osborne,0.147,0.832,261,1477
KS,Ottawa,0.159,0.824,476,2475
KS,Pawnee,0.233,0.749,625,2003
KS,Phillips,0.12,0.858,331,2356
KS,Pottawatomie,0.252,0.728,3394,9811
KS,Pratt,0.234,0.748,954,3054
KS,Rawlins,0.125,0.851,176,1194
KS,Reno,0.318,0.662,8554,17847
KS,Republic,0.162,0.819,396,2001
KS,Rice,0.208,0.775,825,3073
KS,Riley,0.496,0.478,12063,11630
KS,Rooks,0.138,0.849,349,2153
KS,Rush,0.164,0.819,264,1315
KS,Russell,0.184,0.797,608,2632
KS,Saline,0.333,0.649,7734,15069
KS,Scott,0.116,0.863,248,1843
KS,Sedgwick,0.422,0.561,90506,120118
KS,Seward,0.297,0.686,1354,3133
KS,Shawnee,0.492,0.488,40308,39901
KS,Sheridan,0.092,0.895,126,1229
KS,Sherman,0.146,0.833,379,2161
KS,Smith,0.15,0.835,300,1675
KS,Stafford,0.171,0.811,326,1548
KS,Stanton,0.173,0.809,115,537
KS,Stevens,0.114,0.869,210,1595
KS,Sumner,0.24,0.74,2527,7810
KS,Thomas,0.163,0.821,597,3007
KS,Trego,0.136,0.846,216,1343
KS,Wabaunsee,0.246,0.734,944,2816
KS,Wallace,0.07,0.917,52,686
KS,Washington,0.147,0.838,396,2263
KS,Wichita,0.124,0.86,107,740
KS,Wilson,0.18,0.803,647,2894
KS,Woodson,0.187,0.8,282,1205
KS,Wyandotte,0.611,0.373,30938,18867
KY,Adair,0.14,0.852,1257,7643
KY,Allen,0.16,0.831,1505,7824
KY,Anderson,0.246,0.737,3226,9650
KY,Ballard,0.17,0.815,697,3331
KY,Barren,0.231,0.758,4565,15019
KY,Bath,0.237,0.75,1278,4041
KY,Bell,0.152,0.838,1419,7831
KY,Boone,0.305,0.677,20601,45650
KY,Bourbon,0.324,0.659,3088,6284
KY,Boyd,0.3,0.685,6291,14363
KY,Boyle,0.347,0.637,4990,9159
KY,Bracken,0.169,0.818,702,3399
KY,Breathitt,0.196,0.789,1002,4036
KY,Breckinridge,0.203,0.784,2038,7882
KY,Bullitt,0.238,0.747,10280,32299
KY,Butler,0.162,0.825,965,4905
KY,Caldwell,0.203,0.785,1256,4860
KY,Calloway,0.302,0.681,5111,11539
KY,Campbell,0.392,0.589,18952,28450
KY,Carlisle,0.156,0.836,408,2182
KY,Carroll,0.239,0.749,963,3014
KY,Carter,0.202,0.786,2305,8981
KY,Casey,0.113,0.878,804,6216
KY,Christian,0.326,0.661,7055,14332
KY,Clark,0.315,0.668,5639,11950
KY,Clay,0.092,0.895,692,6729
KY,Clinton,0.112,0.876,549,4276
KY,Crittenden,0.152,0.835,608,3349
KY,Cumberland,0.14,0.849,483,2922
KY,Daviess,0.333,0.652,15673,30705
KY,Edmonson,0.179,0.808,1118,5048
KY,Elliott,0.183,0.802,532,2335
KY,Estill,0.177,0.809,1114,5091
KY,Fayette,0.579,0.398,83387,57347
KY,Fleming,0.191,0.797,1334,5578
KY,Floyd,0.196,0.787,3061,12326
KY,Franklin,0.466,0.514,11996,13246
KY,Fulton,0.297,0.695,636,1491
KY,Gallatin,0.194,0.794,761,3109
KY,Garrard,0.193,0.795,1719,7086
KY,Grant,0.17,0.817,1944,9372
KY,Graves,0.186,0.802,3105,13378
KY,Grayson,0.185,0.803,2235,9710
KY,Green,0.134,0.859,782,5033
KY,Greenup,0.241,0.746,4181,12961
KY,Hancock,0.253,0.728,1173,3375
KY,Hardin,0.345,0.638,16572,30672
KY,Harlan,0.115,0.877,1199,9109
KY,Harrison,0.251,0.736,2265,6639
KY,Hart,0.195,0.796,1642,6691
KY,Henderson,0.347,0.64,6837,12592
KY,Henry,0.23,0.755,1857,6093
KY,Hickman,0.19,0.8,394,1656
KY,Hopkins,0.239,0.748,4916,15361
KY,Jackson,0.085,0.903,506,5358
KY,Jefferson,0.573,0.408,203070,144553
KY,Jessamine,0.311,0.669,8303,17854
KY,Johnson,0.14,0.847,1350,8150
KY,Kenton,0.381,0.598,30859,48444
KY,Knott,0.197,0.788,1181,4732
KY,Knox,0.138,0.85,1821,11178
KY,LaRue,0.191,0.795,1389,5773
KY,Laurel,0.145,0.843,4037,23516
KY,Lawrence,0.159,0.831,1044,5464
KY,Lee,0.151,0.828,406,2227
KY,Leslie,0.088,0.897,382,3908
KY,Letcher,0.173,0.812,1457,6848
KY,Lewis,0.116,0.873,666,4997
KY,Lincoln,0.188,0.8,2080,8833
KY,Livingston,0.178,0.809,886,4021
KY,Logan,0.219,0.769,2734,9620
KY,Lyon,0.227,0.761,950,3187
KY,Madison,0.336,0.645,15180,29130
KY,Magoffin,0.172,0.813,909,4288
KY,Marion,0.276,0.711,2513,6473
KY,Marshall,0.21,0.777,3700,13677
KY,Martin,0.078,0.915,287,3343
KY,Mason,0.275,0.711,2170,5621
KY,McCracken,0.319,0.668,10191,21349
KY,McCreary,0.103,0.89,641,5531
KY,McLean,0.213,0.772,989,3578
KY,Meade,0.232,0.753,3279,10630
KY,Menifee,0.202,0.778,664,2563
KY,Mercer,0.239,0.745,2838,8826
KY,Metcalfe,0.172,0.819,884,4197
KY,Monroe,0.109,0.881,576,4679
KY,Montgomery,0.26,0.726,3329,9302
KY,Morgan,0.175,0.81,939,4353
KY,Muhlenberg,0.223,0.766,3048,10491
KY,Nelson,0.285,0.702,6515,16052
KY,Nicholas,0.248,0.738,824,2451
KY,Ohio,0.191,0.794,2094,8679
KY,Oldham,0.377,0.602,14402,23025
KY,Owen,0.18,0.806,988,4434
KY,Owsley,0.11,0.884,203,1625
KY,Pendleton,0.175,0.811,1210,5593
KY,Perry,0.197,0.792,1966,7913
KY,Pike,0.168,0.822,4025,19684
KY,Powell,0.219,0.763,1174,4092
KY,Pulaski,0.169,0.821,5351,26051
KY,Robertson,0.188,0.8,215,915
KY,Rockcastle,0.128,0.859,986,6635
KY,Rowan,0.353,0.63,3484,6224
KY,Russell,0.135,0.857,1200,7622
KY,Scott,0.353,0.63,10501,18747
KY,Shelby,0.318,0.664,7822,16356
KY,Simpson,0.274,0.713,2403,6253
KY,Spencer,0.21,0.778,2415,8927
KY,Taylor,0.21,0.777,2576,9523
KY,Todd,0.206,0.784,1051,4009
KY,Trigg,0.232,0.755,1667,5436
KY,Trimble,0.217,0.773,923,3283
KY,Union,0.202,0.785,1225,4758
KY,Warren,0.37,0.613,21065,34862
KY,Washington,0.242,0.744,1533,4720
KY,Wayne,0.165,0.825,1444,7203
KY,Webster,0.207,0.781,1153,4339
KY,Whitley,0.148,0.842,2237,12687
KY,Wolfe,0.236,0.742,689,2163
KY,Woodford,0.419,0.561,6282,8419
LA,Acadia,0.176,0.815,4695,21783
LA,Allen,0.19,0.8,1661,7003
LA,Ascension,0.322,0.661,20113,41319
LA,Assumption,0.316,0.672,3273,6963
LA,Avoyelles,0.278,0.71,4460,11379
LA,Beauregard,0.138,0.851,2192,13504
LA,Bienville,0.405,0.585,2531,3660
LA,Bossier,0.277,0.71,14467,37105
LA,Caddo,0.516,0.469,48864,44471
LA,Calcasieu,0.295,0.69,23918,56064
LA,Caldwell,0.134,0.859,580,3724
LA,Cameron,0.065,0.928,219,3120
LA,Catahoula,0.244,0.749,1060,3258
LA,Claiborne,0.385,0.606,2239,3522
LA,Concordia,0.348,0.641,2698,4974
LA,DeSoto,0.318,0.673,4426,9359
LA,East Baton Rouge,0.545,0.434,103820,82720
LA,East Carroll,0.58,0.404,1338,931
LA,East Feliciana,0.383,0.605,3809,6020
LA,Evangeline,0.249,0.739,3526,10483
LA,Franklin,0.25,0.742,2196,6524
LA,Grant,0.11,0.879,996,7925
LA,Iberia,0.324,0.665,9504,19511
LA,Iberville,0.489,0.496,7503,7616
LA,Jackson,0.256,0.732,1852,5291
LA,Jefferson,0.425,0.554,75731,98810
LA,Jefferson Davis,0.188,0.799,2699,11478
LA,Lafayette,0.335,0.648,37170,72007
LA,Lafourche,0.184,0.804,7864,34461
LA,LaSalle,0.082,0.91,546,6023
LA,Lincoln,0.365,0.619,6627,11248
LA,Livingston,0.151,0.836,9965,55101
LA,Madison,0.525,0.462,2094,1846
LA,Morehouse,0.397,0.59,4008,5961
LA,Natchitoches,0.382,0.605,5740,9100
LA,Orleans,0.822,0.152,130749,24119
LA,Ouachita,0.355,0.633,22845,40808
LA,Plaquemines,0.304,0.684,3023,6803
LA,Pointe Coupee,0.357,0.633,4132,7319
LA,Rapides,0.31,0.677,16537,36171
LA,Red River,0.355,0.627,1321,2337
LA,Richland,0.297,0.691,2732,6354
LA,Sabine,0.146,0.847,1488,8613
LA,St. Bernard,0.345,0.638,5967,11033
LA,St. Charles,0.33,0.654,8812,17443
LA,St. Helena,0.496,0.488,2848,2804
LA,St. James,0.491,0.501,5792,5902
LA,St. John the Baptist,0.64,0.348,12043,6557
LA,St. Landry,0.4,0.589,14833,21812
LA,St. Martin,0.291,0.698,7284,17466
LA,St. Mary,0.335,0.654,7011,13671
LA,St. Tammany,0.273,0.711,37777,98377
LA,Tangipahoa,0.306,0.681,16886,37500
LA,Tensas,0.471,0.514,1002,1093
LA,Terrebonne,0.235,0.753,9702,31115
LA,Union,0.211,0.78,2206,8176
LA,Vermilion,0.175,0.814,4637,21510
LA,Vernon,0.156,0.834,2513,13474
LA,Washington,0.293,0.696,5411,12846
LA,Webster,0.312,0.677,5053,10965
LA,West Baton Rouge,0.434,0.551,6008,7627
LA,West Carroll,0.126,0.866,578,3986
LA,West Feliciana,0.334,0.653,2004,3923
LA,Winn,0.223,0.768,1292,4437
ME,Abbot,0.31,0.678,126,276
ME,Acton,0.403,0.579,700,1006
ME,Addison,0.337,0.655,253,491
ME,Albion,0.321,0.664,407,843
ME,Alexander,0.243,0.745,82,251
ME,Alfred,0.479,0.503,981,1031
ME,Allagash,0.395,0.605,60,92
ME,Alna,0.608,0.36,324,192
ME,Alton,0.35,0.629,188,338
ME,Amherst,0.345,0.636,71,131
ME,Amity,0.194,0.787,31,126
ME,Andover,0.404,0.581,215,309
ME,Anson,0.294,0.69,383,898
ME,Appleton,0.516,0.455,477,421
ME,Aroostook Cty Townships,0.384,0.602,196,307
ME,Arrowsic,0.74,0.251,265,90
ME,Arundel,0.478,0.504,1378,1452
ME,Ashland,0.334,0.647,224,434
ME,Athens,0.336,0.654,182,354
ME,Atkinson,0.284,0.716,48,121
ME,Auburn,0.523,0.457,6468,5647
ME,Augusta,0.54,0.441,5386,4398
ME,Aurora,0.338,0.635,25,47
ME,Avon,0.267,0.726,77,209
ME,Baileyville,0.319,0.676,221,468
ME,Baldwin,0.323,0.66,344,702
ME,Bangor,0.586,0.39,9332,6212
ME,Bar Harbor,0.732,0.232,2642,838
ME,Baring Plt.,0.388,0.597,52,80
ME,Bath,0.671,0.304,3492,1581
ME,Beals,0.324,0.659,93,189
ME,Beaver Cove,0.509,0.483,59,56
ME,Beddington,0.368,0.632,25,43
ME,Belfast,0.68,0.292,2865,1228
ME,Belgrade,0.449,0.538,1013,1214
ME,Belmont,0.432,0.551,265,338
ME,Benton,0.328,0.65,516,1022
ME,Berwick,0.457,0.521,2131,2429
ME,Bethel,0.545,0.429,988,777
ME,Biddeford,0.624,0.353,7118,4031
ME,Bingham,0.296,0.687,168,390
ME,Blaine,0.235,0.752,89,285
ME,Blue Hill,0.666,0.305,1369,628
ME,Boothbay,0.568,0.417,1252,919
ME,Boothbay Harbor,0.611,0.377,854,527
ME,Bowdoin,0.398,0.588,770,1137
ME,Bowdoinham,0.535,0.436,1111,906
ME,Bowerbank,0.349,0.651,44,82
ME,Bradford,0.255,0.724,182,516
ME,Bradley,0.404,0.581,383,551
ME,Bremen,0.664,0.319,399,192
ME,Brewer,0.483,0.495,2550,2615
ME,Bridgewater,0.257,0.736,77,220
ME,Bridgton,0.498,0.485,1779,1731
ME,Brighton Plt.,0.395,0.581,17,25
ME,Bristol,0.613,0.373,1326,807
ME,Brooklin,0.687,0.279,443,180
ME,Brooks,0.422,0.534,262,332
ME,Brooksville,0.64,0.322,437,220
ME,Brownfield,0.471,0.512,487,530
ME,Brownville,0.309,0.671,248,539
ME,Brunswick,0.713,0.259,10299,3746
ME,Buckfield,0.349,0.637,433,790
ME,Bucksport,0.473,0.508,1385,1485
ME,Burlington,0.24,0.752,59,185
ME,Burnham,0.308,0.675,205,449
ME,Buxton,0.458,0.521,2412,2744
ME,Byron,0.346,0.635,36,66
ME,Calais,0.402,0.58,599,863
ME,Cambridge,0.236,0.74,60,188
ME,Camden,0.78,0.2,2834,725
ME,Canaan,0.33,0.651,402,794
ME,Canton,0.301,0.685,169,385
ME,Cape Elizabeth,0.776,0.205,5289,1395
ME,Caratunk,0.377,0.623,23,38
ME,Caribou,0.394,0.593,1553,2336
ME,Carmel,0.316,0.673,580,1234
ME,Carrabassett Valley,0.677,0.304,369,166
ME,Carroll Plt.,0.176,0.8,15,68
ME,Carthage,0.275,0.704,92,235
ME,Casco,0.459,0.525,1058,1209
ME,Castine,0.717,0.25,392,137
ME,Castle Hill,0.427,0.569,93,124
ME,Caswell,0.331,0.669,41,83
ME,Chapman,0.316,0.669,85,180
ME,Charleston,0.228,0.752,181,596
ME,Charlotte,0.342,0.658,77,148
ME,Chebeague Island,0.806,0.168,254,53
ME,Chelsea,0.364,0.622,579,990
ME,Cherryfield,0.341,0.638,226,423
ME,Chester,0.183,0.81,57,252
ME,Chesterville,0.362,0.622,303,520
ME,China,0.404,0.571,1059,1498
ME,Clifton,0.375,0.61,202,329
ME,Clinton,0.336,0.65,594,1150
ME,Columbia,0.281,0.698,68,169
ME,Columbia Falls,0.29,0.698,98,236
ME,Cooper,0.333,0.625,32,60
ME,Coplin Plt.,0.612,0.345,71,40
ME,Corinna,0.269,0.719,330,882
ME,Corinth,0.235,0.756,373,1201
ME,Cornish,0.449,0.531,437,517
ME,Cornville,0.339,0.641,283,535
ME,Cranberry Isles,0.677,0.269,88,35
ME,Crawford,0.347,0.64,26,48
ME,Crystal,0.223,0.752,35,118
ME,Cumberland,0.703,0.277,4232,1672
ME,Cushing,0.431,0.548,445,566
ME,Cutler,0.286,0.702,98,240
ME,Cyr Plt.,0.441,0.542,26,32
ME,Dallas Plt.,0.435,0.536,104,128
ME,Damariscotta,0.671,0.313,1004,469
ME,Danforth,0.241,0.749,101,314
ME,Dayton,0.427,0.554,624,810
ME,Deblois,0.071,0.929,3,39
ME,Dedham,0.478,0.503,571,600
ME,Deer Isle,0.575,0.404,765,538
ME,Denmark,0.493,0.489,408,405
ME,Dennistown Plt.,0.259,0.741,7,20
ME,Dennysville,0.353,0.632,115,206
ME,Detroit,0.325,0.663,160,326
ME,Dexter,0.347,0.636,693,1271
ME,Dixfield,0.325,0.661,427,870
ME,Dixmont,0.354,0.63,266,474
ME,Dover-Foxcroft,0.376,0.601,912,1459
ME,Dresden,0.456,0.527,556,643
ME,Drew Plt.,0.187,0.812,3,13
ME,Durham,0.493,0.483,1455,1425
ME,Dyer Brook,0.221,0.765,33,114
ME,Eagle Lake,0.395,0.592,189,283
ME,East Machias,0.324,0.66,275,560
ME,East Millinocket,0.376,0.611,343,557
ME,Eastbrook,0.352,0.64,89,162
ME,Easton,0.311,0.668,221,475
ME,Eastport,0.576,0.394,478,327
ME,Eddington,0.35,0.633,520,940
ME,Edgecomb,0.6,0.383,526,336
ME,Edinburg,0.293,0.697,29,69
ME,Eliot,0.586,0.392,2724,1823
ME,Ellsworth,0.487,0.488,2406,2412
ME,Embden,0.324,0.661,213,434
ME,Enfield,0.283,0.704,254,632
ME,Etna,0.281,0.707,204,513
ME,Eustis,0.375,0.6,193,309
ME,Exeter,0.286,0.705,159,391
ME,Fairfield,0.415,0.567,1424,1949
ME,Falmouth,0.698,0.283,6205,2520
ME,Farmingdale,0.527,0.455,970,838
ME,Farmington,0.553,0.42,2185,1659
ME,Fayette,0.459,0.526,399,457
ME,Fort Fairfield,0.401,0.586,667,975
ME,Fort Kent,0.413,0.575,904,1261
ME,Frankfort,0.335,0.648,235,454
ME,Franklin,0.428,0.552,416,537
ME,Franklin Cty Townships,0.222,0.778,2,7
ME,Freedom,0.429,0.519,207,250
ME,Freeport,0.699,0.278,4330,1718
ME,Frenchboro,0.367,0.633,11,19
ME,Frenchville,0.353,0.634,214,384
ME,Friendship,0.361,0.623,303,523
ME,Frye Island,0.571,0.429,28,21
ME,Fryeburg,0.548,0.432,1120,882
ME,Gardiner,0.524,0.383,1739,1273
ME,Garfield Plt.,0.232,0.732,13,41
ME,Garland,0.275,0.708,175,451
ME,Georgetown,0.642,0.33,553,284
ME,Gilead,0.443,0.489,58,64
ME,Glenburn,0.39,0.591,1119,1697
ME,Glenwood Plt.,0.5,0.5,2,2
ME,Gorham,0.59,0.389,6723,4427
ME,Gouldsboro,0.44,0.546,506,628
ME,Grand Isle,0.399,0.588,91,134
ME,Grand Lake Stream Plt,0.294,0.688,32,75
ME,Gray,0.492,0.485,2743,2704
ME,Great Pond,0.372,0.605,16,26
ME,Greenbush,0.277,0.711,204,524
ME,Greene,0.34,0.642,909,1715
ME,Greenville,0.407,0.582,484,692
ME,Greenwood,0.501,0.482,302,291
ME,Guilford,0.343,0.635,271,502
ME,Hallowell,0.731,0.247,1326,448
ME,Hamlin,0.38,0.62,41,67
ME,Hammond,0.218,0.745,12,41
ME,Hampden,0.496,0.483,2522,2457
ME,Hancock,0.453,0.528,681,795
ME,Hancock Cty Townships,0.5,0.5,5,5
ME,Hanover,0.566,0.418,111,82
ME,Harmony,0.303,0.685,155,350
ME,Harpswell,0.609,0.378,2351,1458
ME,Harrington,0.283,0.701,155,384
ME,Harrison,0.463,0.519,778,873
ME,Hartford,0.376,0.607,277,447
ME,Hartland,0.301,0.682,293,663
ME,Haynesville,0.169,0.831,11,54
ME,Hebron,0.381,0.592,304,472
ME,Hermon,0.37,0.615,1522,2530
ME,Hersey,0.268,0.707,11,29
ME,Highland Plt.,0.526,0.474,20,18
ME,Hiram,0.4,0.59,396,585
ME,Hodgdon,0.2,0.789,171,673
ME,Holden,0.433,0.549,918,1166
ME,Hollis,0.432,0.548,1340,1699
ME,Hope,0.572,0.401,651,456
ME,Houlton,0.365,0.621,983,1672
ME,Howland,0.354,0.629,241,428
ME,Hudson,0.293,0.696,255,605
ME,Indian Township Vtng Dst,0.669,0.324,182,88
ME,Industry,0.435,0.553,225,286
ME,Island Falls,0.295,0.695,130,306
ME,Isle Au Haut,0.703,0.266,45,17
ME,Islesboro,0.725,0.251,332,115
ME,Jackman,0.237,0.748,127,401
ME,Jackson,0.411,0.552,145,195
ME,Jay,0.431,0.549,1152,1469
ME,Jefferson,0.426,0.551,751,972
ME,Jonesboro,0.322,0.667,114,236
ME,Jonesport,0.314,0.681,242,525
ME,Kenduskeag,0.281,0.7,225,561
ME,Kennebunk,0.656,0.327,5504,2746
ME,Kennebunkport,0.638,0.348,1765,963
ME,Kingfield,0.451,0.526,390,455
ME,Kittery,0.697,0.28,4534,1822
ME,Knox,0.27,0.691,131,336
ME,LaGrange,0.272,0.708,97,252
ME,Lake View Plt.,0.362,0.623,50,86
ME,Lakeville,0.457,0.531,37,43
ME,Lamoine,0.511,0.464,624,566
ME,Lebanon,0.324,0.661,1157,2360
ME,Lee,0.252,0.735,137,400
ME,Leeds,0.352,0.63,505,904
ME,Levant,0.283,0.7,495,1226
ME,Lewiston,0.529,0.447,8791,7433
ME,Liberty,0.448,0.517,283,327
ME,Limerick,0.417,0.558,849,1138
ME,Limestone,0.38,0.604,285,453
ME,Limington,0.369,0.611,901,1490
ME,Lincoln,0.3,0.687,840,1926
ME,Lincoln Plt.,0.456,0.526,26,30
ME,Lincolnville,0.636,0.335,1120,590
ME,Linneus,0.149,0.843,80,452
ME,Lisbon,0.435,0.543,2232,2786
ME,Litchfield,0.377,0.606,865,1390
ME,Littleton,0.233,0.751,123,396
ME,Livermore,0.396,0.586,565,835
ME,Livermore Falls,0.37,0.603,526,856
ME,Long Island,0.69,0.29,138,58
ME,Lovell,0.521,0.461,438,387
ME,Lowell,0.255,0.734,68,196
ME,Lubec,0.529,0.451,480,409
ME,Ludlow,0.241,0.731,61,185
ME,Lyman,0.438,0.546,1348,1678
ME,Machias,0.428,0.542,406,514
ME,Machiasport,0.375,0.613,215,351
ME,Macwahoc Plt.,0.256,0.744,10,29
ME,Madawaska,0.48,0.507,1018,1076
ME,Madison,0.366,0.616,893,1503
ME,Manchester,0.464,0.518,787,878
ME,Mapleton,0.312,0.67,369,792
ME,Mariaville,0.398,0.593,135,201
ME,Mars Hill,0.286,0.704,211,520
ME,Marshfield,0.323,0.659,110,224
ME,Masardis,0.298,0.677,37,84
ME,Matinicus Isle Plt.,0.702,0.277,33,13
ME,Mattawamkeag,0.301,0.675,128,287
ME,Maxfield,0.23,0.757,17,56
ME,Mechanic Falls,0.389,0.59,698,1058
ME,Meddybemps,0.333,0.657,35,69
ME,Medford,0.297,0.681,54,124
ME,Medway,0.256,0.728,190,541
ME,Mercer,0.392,0.594,194,294
ME,Merrill,0.321,0.664,43,89
ME,Mexico,0.413,0.575,523,729
ME,Milbridge,0.399,0.585,311,456
ME,Milford,0.449,0.531,845,998
ME,Millinocket,0.426,0.562,1125,1484
ME,Milo,0.338,0.646,429,821
ME,Minot,0.379,0.606,701,1120
ME,Monhegan Plt.,0.797,0.109,51,7
ME,Monmouth,0.411,0.567,1070,1476
ME,Monroe,0.511,0.435,313,267
ME,Monson,0.326,0.652,169,338
ME,Monticello,0.19,0.802,80,337
ME,Montville,0.497,0.453,341,311
ME,Moose River,0.22,0.78,27,96
ME,Moro Plt.,0.13,0.87,3,20
ME,Morrill,0.407,0.577,255,361
ME,Moscow,0.238,0.752,69,218
ME,Mount Chase,0.325,0.643,50,99
ME,Mount Desert,0.73,0.241,1019,336
ME,Mount Vernon,0.481,0.498,566,586
ME,Naples,0.404,0.58,1031,1479
ME,Nashville Plt.,0.318,0.682,7,15
ME,New Canada,0.306,0.676,53,117
ME,New Gloucester,0.464,0.515,1741,1932
ME,New Limerick,0.299,0.695,106,246
ME,New Portland,0.386,0.598,197,305
ME,New Sharon,0.404,0.586,398,577
ME,New Sweden,0.386,0.587,131,199
ME,New Vineyard,0.356,0.633,166,295
ME,Newburgh,0.37,0.608,390,640
ME,Newcastle,0.688,0.288,942,394
ME,Newfield,0.354,0.622,369,648
ME,Newport,0.326,0.662,605,1227
ME,Newry,0.541,0.426,146,115
ME,Nobleboro,0.532,0.454,718,612
ME,Norridgewock,0.366,0.619,703,1187
ME,North Berwick,0.448,0.532,1453,1726
ME,North Haven,0.692,0.268,207,80
ME,North Yarmouth,0.639,0.34,1946,1034
ME,Northfield,0.328,0.657,44,88
ME,Northport,0.614,0.367,689,411
ME,Norway,0.494,0.492,1499,1495
ME,Oakfield,0.269,0.716,114,303
ME,Oakland,0.449,0.531,1669,1972
ME,Ogunquit,0.706,0.282,775,310
ME,Old Orchard Beach,0.586,0.395,3660,2465
ME,Old Town,0.55,0.424,2267,1745
ME,Orient,0.229,0.771,19,64
ME,Orland,0.484,0.495,747,765
ME,Orono,0.681,0.282,3676,1523
ME,Orrington,0.424,0.562,1122,1489
ME,Osborn,0.234,0.745,11,35
ME,Otis,0.319,0.677,160,340
ME,Otisfield,0.443,0.534,547,660
ME,Owl's Head,0.538,0.452,592,497
ME,Oxbow Plt.,0.295,0.659,13,29
ME,Oxford,0.329,0.658,803,1609
ME,Oxford Cty Townships,0.459,0.506,156,172
ME,Palermo,0.389,0.585,408,614
ME,Palmyra,0.272,0.718,320,844
ME,Paris,0.41,0.573,1206,1683
ME,Parkman,0.284,0.632,138,307
ME,Parsonsfield,0.411,0.566,480,660
ME,Passadumkeag,0.227,0.756,54,180
ME,Patten,0.273,0.715,138,362
ME,Pembroke,0.406,0.576,204,289
ME,Penobscot,0.58,0.387,487,325
ME,Penobscot Cty Townships,0.196,0.783,55,220
ME,Penobscot Nation Vot Dst,0.768,0.197,241,62
ME,Perham,0.249,0.7,59,166
ME,Perry,0.404,0.588,205,298
ME,Peru,0.322,0.661,284,584
ME,Phillips,0.351,0.621,238,421
ME,Phippsburg,0.517,0.464,849,762
ME,Pittsfield,0.373,0.609,763,1247
ME,Pittston,0.372,0.61,681,1117
ME,Pleasant Point Votng Dst,0.736,0.256,181,63
ME,Pleasant Ridge Plt.,0.294,0.667,15,34
ME,Plymouth,0.277,0.709,216,552
ME,Poland,0.425,0.554,1512,1971
ME,Portage Lake,0.346,0.58,93,156
ME,Porter,0.345,0.633,325,597
ME,Portland,0.805,0.156,31668,6130
ME,Pownal,0.586,0.398,737,500
ME,Presque Isle,0.446,0.539,1850,2238
ME,Princeton,0.251,0.743,122,361
ME,Prospect,0.402,0.589,180,264
ME,Randolph,0.449,0.53,456,539
ME,Rangeley,0.392,0.589,341,513
ME,Rangeley Plt.,0.374,0.619,58,96
ME,Raymond,0.505,0.478,1636,1549
ME,Readfield,0.495,0.481,900,875
ME,Reed Plt.,0.198,0.791,17,68
ME,Richmond,0.448,0.53,966,1143
ME,Ripley,0.323,0.661,102,209
ME,Robbinston,0.324,0.657,118,239
ME,Rockland,0.647,0.325,2529,1272
ME,Rockport,0.682,0.296,1713,742
ME,Rome,0.471,0.511,341,370
ME,Roque Bluffs,0.514,0.471,108,99
ME,Roxbury,0.341,0.644,89,168
ME,Rumford,0.421,0.567,1152,1551
ME,Sabattus,0.35,0.632,1059,1913
ME,Saco,0.621,0.359,7944,4585
ME,Sandy River Plt.,0.552,0.44,64,51
ME,Sanford,0.485,0.496,5367,5497
ME,Sangerville,0.32,0.663,244,505
ME,Scarborough,0.649,0.334,9961,5117
ME,Searsmont,0.463,0.504,448,488
ME,Searsport,0.528,0.458,899,781
ME,Sebago,0.395,0.588,516,767
ME,Sebec,0.263,0.725,111,306
ME,Seboeis Plt.,0.5,0.5,13,13
ME,Sedgwick,0.619,0.359,538,312
ME,Shapleigh,0.389,0.596,728,1116
ME,Sherman,0.207,0.781,100,377
ME,Shirley,0.291,0.679,48,112
ME,Sidney,0.385,0.598,1215,1887
ME,Skowhegan,0.425,0.56,1819,2399
ME,Smithfield,0.436,0.537,276,340
ME,Smyrna,0.279,0.721,48,124
ME,Solon,0.356,0.617,222,385
ME,Somerset Cty Townships,0.335,0.647,112,216
ME,Somerville,0.342,0.619,124,224
ME,Sorrento,0.442,0.543,88,108
ME,South Berwick,0.588,0.391,2758,1833
ME,South Bristol,0.617,0.346,447,251
ME,South Portland,0.744,0.229,11777,3626
ME,South Thomaston,0.582,0.403,616,426
ME,Southport,0.647,0.344,299,159
ME,Southwest Harbor,0.651,0.331,737,375
ME,Springfield,0.177,0.806,33,150
ME,St. Agatha,0.411,0.577,255,358
ME,St. Albans,0.268,0.719,325,873
ME,St. Francis,0.396,0.604,90,137
ME,St. George,0.592,0.394,1076,715
ME,St. John Plt.,0.324,0.642,48,95
ME,Stacyville,0.192,0.798,37,154
ME,Standish,0.457,0.527,2872,3310
ME,Starks,0.368,0.59,151,242
ME,Stetson,0.29,0.694,233,558
ME,Steuben,0.365,0.617,271,458
ME,Stockholm,0.399,0.582,61,89
ME,Stockton Springs,0.504,0.483,585,561
ME,Unity,0.438,0.531,420,509
ME,Upton,0.268,0.732,15,41
ME,Van Buren,0.483,0.505,429,448
ME,Vanceboro,0.368,0.632,32,55
ME,Vassalboro,0.418,0.564,1110,1496
ME,Veazie,0.57,0.41,672,483
ME,Verona,0.434,0.547,157,198
ME,Vienna,0.452,0.52,193,222
ME,Vinalhaven,0.576,0.41,468,333
ME,Wade,0.331,0.633,56,107
ME,Waite,0.306,0.673,15,33
ME,Waldo,0.467,0.506,239,259
ME,Waldoboro,0.452,0.529,1366,1598
ME,Wales,0.282,0.704,276,689
ME,Wallagrass,0.446,0.541,140,170
ME,Waltham,0.251,0.737,64,188
ME,Warren,0.407,0.57,980,1372
ME,Washburn,0.313,0.676,246,532
ME,Washington,0.417,0.554,434,577
ME,Washington Cty Townships,0.291,0.691,16,38
ME,Waterboro,0.414,0.571,1947,2680
ME,Waterford,0.438,0.545,460,572
ME,Waterville,0.618,0.357,4566,2636
ME,Wayne,0.584,0.398,506,345
ME,Webster Plt.,0.186,0.791,8,34
ME,Weld,0.495,0.414,159,133
ME,Wellington,0.375,0.618,54,89
ME,Wells,0.555,0.427,4675,3598
ME,Wesley,0.258,0.742,25,72
ME,West Bath,0.545,0.436,777,622
ME,West Forks Plt.,0.34,0.6,17,30
ME,West Gardiner,0.415,0.565,1025,1395
ME,West Paris,0.373,0.611,385,631
ME,Westbrook,0.65,0.326,6941,3481
ME,Westfield,0.281,0.704,77,193
ME,Westmanland,0.45,0.517,27,31
ME,Weston,0.218,0.777,46,164
ME,Westport,0.559,0.421,313,236
ME,Whitefield,0.458,0.513,677,758
ME,Whiting,0.381,0.598,145,228
ME,Whitneyville,0.385,0.564,45,66
ME,Willimantic,0.226,0.774,21,72
ME,Wilton,0.443,0.538,969,1176
ME,Windham,0.511,0.471,5847,5399
ME,Windsor,0.317,0.657,495,1026
ME,Winn,0.246,0.749,52,158
ME,Winslow,0.461,0.521,2157,2437
ME,Winter Harbor,0.448,0.543,146,177
ME,Winterport,0.433,0.552,1025,1306
ME,Winterville Plt.,0.425,0.561,62,82
ME,Winthrop,0.512,0.464,1995,1811
ME,Wiscasset,0.501,0.473,1181,1113
ME,Woodland,0.331,0.658,230,457
ME,Woodstock,0.403,0.579,382,548
ME,Woodville,0.138,0.841,20,122
ME,Woolwich,0.486,0.488,1087,1090
ME,Yarmouth,0.764,0.218,4747,1353
ME,York,0.634,0.349,6055,3337
MD,Allegany,0.287,0.689,9231,22141
MD,Anne Arundel,0.552,0.413,171945,128892
MD,Baltimore City,0.846,0.121,195109,27984
MD,Baltimore County,0.605,0.362,249958,149560
MD,Calvert,0.433,0.542,23438,29361
MD,Caroline,0.298,0.677,4860,11053
MD,Carroll,0.359,0.607,36867,62273
MD,Cecil,0.334,0.641,17628,33871
MD,Charles,0.689,0.284,63454,26145
MD,Dorchester,0.415,0.56,6954,9390
MD,Frederick,0.528,0.44,82409,68753
MD,Garrett,0.218,0.757,3456,11983
MD,Harford,0.416,0.553,62453,83050
MD,Howard,0.684,0.271,124764,49425
MD,Kent,0.472,0.5,5251,5561
MD,Montgomery,0.745,0.217,386581,112637
MD,Prince George's,0.859,0.111,347038,45008
MD,Queen Anne's,0.349,0.624,11273,20200
MD,Somerset,0.4,0.573,4054,5805
MD,St. Mary's,0.399,0.57,23531,33582
MD,Talbot,0.487,0.487,11119,11125
MD,Washington,0.372,0.601,27260,44054
MD,Wicomico,0.459,0.513,21513,24065
MD,Worcester,0.378,0.597,12431,19632
MA,Abington,0.493,0.485,4714,4639
MA,Acton,0.772,0.192,10177,2536
MA,Acushnet,0.371,0.611,2311,3808
MA,Adams,0.597,0.381,2603,1659
MA,Agawam,0.442,0.534,6942,8374
MA,Alford,0.795,0.183,252,58
MA,Amesbury,0.639,0.341,6567,3500
MA,Amherst,0.874,0.083,9316,889
MA,Andover,0.642,0.328,13115,6690
MA,Aquinnah,0.866,0.105,304,37
MA,Arlington,0.816,0.154,22399,4219
MA,Ashburnham,0.508,0.464,1965,1795
MA,Ashby,0.472,0.509,936,1009
MA,Ashfield,0.763,0.195,919,235
MA,Ashland,0.677,0.3,6589,2921
MA,Athol,0.457,0.519,2602,2952
MA,Attleboro,0.544,0.43,12675,10007
MA,Auburn,0.522,0.452,5206,4512
MA,Avon,0.539,0.441,1375,1125
MA,Ayer,0.622,0.355,2870,1638
MA,Barnstable,0.549,0.429,15227,11919
MA,Barre,0.456,0.526,1408,1625
MA,Becket,0.602,0.363,743,448
MA,Bedford,0.704,0.263,5874,2192
MA,Belchertown,0.588,0.39,5603,3720
MA,Bellingham,0.489,0.487,4894,4869
MA,Belmont,0.762,0.199,10996,2867
MA,Berkley,0.381,0.603,1612,2549
MA,Berlin,0.575,0.391,1385,941
MA,Bernardston,0.625,0.349,878,491
MA,Beverly,0.659,0.315,15536,7413
MA,Billerica,0.495,0.48,11743,11383
MA,Blackstone,0.439,0.544,2245,2783
MA,Blandford,0.378,0.604,308,492
MA,Bolton,0.669,0.299,2459,1098
MA,Boston,0.767,0.197,201628,51808
MA,Bourne,0.516,0.462,6265,5609
MA,Boxborough,0.725,0.243,2295,768
MA,Boxford,0.556,0.418,3012,2266
MA,Boylston,0.562,0.407,1886,1367
MA,Braintree,0.519,0.454,10546,9210
MA,Brewster,0.658,0.322,4776,2337
MA,Bridgewater,0.488,0.491,7070,7118
MA,Brimfield,0.431,0.539,1017,1271
MA,Brockton,0.705,0.274,24727,9599
MA,Brookfield,0.445,0.53,930,1109
MA,Brookline,0.839,0.124,23710,3497
MA,Buckland,0.713,0.261,808,296
MA,Burlington,0.577,0.391,8218,5569
MA,Cambridge,0.872,0.083,43690,4159
MA,Canton,0.599,0.375,8381,5259
MA,Carlisle,0.779,0.195,2648,663
MA,Carver,0.425,0.554,3022,3945
MA,Charlemont,0.657,0.289,479,211
MA,Charlton,0.426,0.551,3494,4519
MA,Chatham,0.611,0.36,2962,1746
MA,Chelmsford,0.604,0.369,12937,7901
MA,Chelsea,0.667,0.299,5787,2594
MA,Cheshire,0.532,0.452,1032,876
MA,Chester,0.394,0.584,293,434
MA,Chesterfield,0.604,0.354,497,291
MA,Chicopee,0.516,0.459,12630,11247
MA,Chilmark,0.836,0.132,778,123
MA,Clarksburg,0.567,0.41,551,398
MA,Clinton,0.558,0.416,4192,3125
MA,Cohasset,0.645,0.32,3458,1715
MA,Colrain,0.622,0.345,644,358
MA,Concord,0.809,0.162,9588,1924
MA,Conway,0.724,0.242,943,315
MA,Cummington,0.687,0.272,399,158
MA,Dalton,0.645,0.33,2322,1189
MA,Danvers,0.538,0.44,8769,7169
MA,Dartmouth,0.493,0.49,9054,8994
MA,Dedham,0.633,0.337,9494,5059
MA,Deerfield,0.703,0.263,2307,865
MA,Dennis,0.569,0.409,5809,4178
MA,Dighton,0.398,0.586,1906,2805
MA,Douglas,0.417,0.567,2407,3271
MA,Dover,0.654,0.3,2439,1117
MA,Dracut,0.454,0.528,7889,9188
MA,Dudley,0.423,0.556,2686,3532
MA,Dunstable,0.545,0.437,1205,966
MA,Duxbury,0.591,0.38,6298,4054
MA,East Bridgewater,0.435,0.543,3726,4643
MA,East Brookfield,0.413,0.571,556,769
MA,East Longmeadow,0.493,0.486,4839,4764
MA,Eastham,0.697,0.28,2885,1157
MA,Easthampton,0.709,0.251,7216,2561
MA,Easton,0.565,0.408,7997,5777
MA,Edgartown,0.679,0.296,1969,857
MA,Egremont,0.789,0.185,752,176
MA,Erving,0.517,0.449,500,434
MA,Essex,0.637,0.335,1540,810
MA,Everett,0.609,0.362,7629,4534
MA,Fairhaven,0.501,0.483,4781,4608
MA,Fall River,0.482,0.499,14726,15230
MA,Falmouth,0.624,0.354,13744,7786
MA,Fitchburg,0.547,0.427,8613,6721
MA,Florida,0.449,0.531,184,218
MA,Foxborough,0.541,0.429,5986,4741
MA,Framingham,0.693,0.277,20681,8272
MA,Franklin,0.58,0.394,11509,7825
MA,Freetown,0.403,0.574,2236,3184
MA,Gardner,0.514,0.461,4835,4338
MA,Georgetown,0.517,0.459,2855,2535
MA,Gill,0.685,0.286,691,288
MA,Gloucester,0.628,0.348,11138,6175
MA,Goshen,0.587,0.386,391,257
MA,Gosnold,0.761,0.224,51,15
MA,Grafton,0.594,0.377,6651,4216
MA,Granby,0.492,0.49,1930,1921
MA,Granville,0.366,0.609,357,594
MA,Great Barrington,0.788,0.179,3098,705
MA,Greenfield,0.7,0.262,6655,2490
MA,Groton,0.665,0.304,4810,2196
MA,Groveland,0.508,0.467,2250,2069
MA,Hadley,0.677,0.293,2234,968
MA,Halifax,0.426,0.557,2076,2714
MA,Hamilton,0.662,0.303,3157,1445
MA,Hampden,0.436,0.545,1418,1774
MA,Hancock,0.507,0.468,245,226
MA,Hanover,0.472,0.506,4576,4905
MA,Hanson,0.433,0.545,2937,3698
MA,Hardwick,0.449,0.531,706,834
MA,Harvard,0.743,0.225,2983,903
MA,Harwich,0.603,0.376,5598,3492
MA,Hatfield,0.66,0.317,1472,707
MA,Haverhill,0.542,0.436,16959,13635
MA,Hawley,0.619,0.349,117,66
MA,Heath,0.596,0.38,279,178
MA,Hingham,0.643,0.325,10065,5092
MA,Hinsdale,0.588,0.386,708,464
MA,Holbrook,0.551,0.424,3278,2522
MA,Holden,0.557,0.421,6911,5222
MA,Holland,0.418,0.555,658,875
MA,Holliston,0.684,0.284,6359,2639
MA,Holyoke,0.635,0.334,9409,4943
MA,Hopedale,0.573,0.398,2054,1428
MA,Hopkinton,0.662,0.308,6843,3179
MA,Hubbardston,0.427,0.546,1262,1614
MA,Hudson,0.602,0.368,6793,4153
MA,Hull,0.609,0.369,4171,2523
MA,Huntington,0.451,0.53,554,651
MA,Ipswich,0.637,0.335,6055,3185
MA,Kingston,0.49,0.489,4245,4242
MA,Lakeville,0.421,0.556,3268,4321
MA,Lancaster,0.548,0.424,2322,1796
MA,Lanesborough,0.625,0.352,1156,650
MA,Lawrence,0.572,0.402,12073,8477
MA,Lee,0.66,0.309,2133,999
MA,Leicester,0.45,0.527,2822,3310
MA,Lenox,0.784,0.189,2563,617
MA,Leominster,0.534,0.442,10955,9059
MA,Leverett,0.833,0.124,1079,160
MA,Lexington,0.783,0.179,14362,3279
MA,Leyden,0.636,0.321,315,159
MA,Lincoln,0.812,0.158,3258,634
MA,Littleton,0.665,0.312,4295,2014
MA,Longmeadow,0.611,0.359,5960,3500
MA,Lowell,0.604,0.37,21080,12906
MA,Ludlow,0.449,0.53,5025,5930
MA,Lunenburg,0.533,0.443,3866,3207
MA,Lynn,0.598,0.374,18982,11865
MA,Lynnfield,0.476,0.509,3813,4078
MA,Malden,0.677,0.285,15327,6443
MA,Manchester,0.708,0.262,2575,952
MA,Mansfield,0.569,0.397,7939,5533
MA,Marblehead,0.686,0.289,9299,3915
MA,Marion,0.616,0.36,2236,1308
MA,Marlborough,0.608,0.367,10996,6651
MA,Marshfield,0.516,0.465,8903,8028
MA,Mashpee,0.566,0.414,5883,4305
MA,Mattapoisett,0.559,0.423,2739,2076
MA,Maynard,0.71,0.264,4743,1766
MA,Medfield,0.653,0.312,5230,2500
MA,Medford,0.705,0.26,21050,7774
MA,Medway,0.596,0.378,5029,3192
MA,Melrose,0.703,0.268,12041,4579
MA,Mendon,0.5,0.476,1972,1877
MA,Merrimac,0.556,0.423,2383,1814
MA,Methuen,0.497,0.481,12220,11830
MA,Middleborough,0.418,0.563,6021,8114
MA,Middlefield,0.587,0.4,185,126
MA,Middleton,0.442,0.532,2558,3083
MA,Milford,0.545,0.427,7586,5942
MA,Millbury,0.483,0.494,3904,3994
MA,Millis,0.595,0.377,3560,2256
MA,Millville,0.395,0.589,708,1055
MA,Milton,0.701,0.272,11718,4544
MA,Monroe,0.364,0.591,24,39
MA,Monson,0.444,0.536,2247,2713
MA,Montague,0.672,0.283,3233,1362
MA,Monterey,0.807,0.159,482,95
MA,Montgomery,0.432,0.551,237,302
MA,Mount Washington,0.769,0.19,93,23
MA,Nahant,0.622,0.362,1445,841
MA,Nantucket,0.672,0.305,4784,2171
MA,Natick,0.727,0.245,15161,5119
MA,Needham,0.75,0.218,14586,4233
MA,New Ashford,0.574,0.401,93,65
MA,New Bedford,0.53,0.449,18372,15552
MA,New Braintree,0.462,0.521,307,346
MA,New Marlborough,0.688,0.284,666,275
MA,New Salem,0.591,0.366,420,260
MA,Newbury,0.606,0.369,2946,1793
MA,Newburyport,0.709,0.264,8811,3278
MA,Newton,0.78,0.186,36445,8699
MA,Norfolk,0.574,0.404,3895,2743
MA,North Adams,0.664,0.313,3758,1774
MA,North Andover,0.586,0.386,9912,6529
MA,North Attleborough,0.523,0.449,8814,7579
MA,North Brookfield,0.409,0.574,1156,1623
MA,North Reading,0.528,0.448,5226,4435
MA,Northampton,0.848,0.105,14477,1800
MA,Northborough,0.639,0.324,5851,2969
MA,Northbridge,0.477,0.492,4373,4515
MA,Northfield,0.608,0.355,1179,689
MA,Norton,0.5,0.473,5319,5028
MA,Norwell,0.556,0.415,3924,2930
MA,Norwood,0.591,0.381,9566,6156
MA,Oak Bluffs,0.723,0.257,2247,798
MA,Oakham,0.407,0.57,514,720
MA,Orange,0.48,0.496,1879,1942
MA,Orleans,0.676,0.301,3225,1433
MA,Otis,0.514,0.457,549,489
MA,Oxford,0.44,0.542,3310,4084
MA,Palmer,0.43,0.549,2755,3520
MA,Paxton,0.524,0.454,1557,1350
MA,Peabody,0.505,0.475,14571,13684
MA,Pelham,0.874,0.103,743,88
MA,Pembroke,0.472,0.504,5420,5792
MA,Pepperell,0.51,0.459,3729,3357
MA,Peru,0.493,0.47,256,244
MA,Petersham,0.579,0.393,518,352
MA,Phillipston,0.378,0.602,438,697
MA,Pittsfield,0.704,0.272,14628,5658
MA,Plainfield,0.64,0.318,274,136
MA,Plainville,0.498,0.472,2782,2633
MA,Plymouth,0.537,0.442,21658,17831
MA,Plympton,0.444,0.536,878,1061
MA,Princeton,0.58,0.394,1466,996
MA,Provincetown,0.912,0.072,2429,191
MA,Quincy,0.609,0.361,25651,15210
MA,Randolph,0.743,0.234,11410,3588
MA,Raynham,0.454,0.526,4059,4694
MA,Reading,0.638,0.343,10431,5607
MA,Rehoboth,0.427,0.556,3455,4501
MA,Revere,0.528,0.44,9711,8102
MA,Richmond,0.765,0.211,772,213
MA,Rochester,0.419,0.56,1665,2225
MA,Rockland,0.487,0.487,4726,4729
MA,Rockport,0.72,0.257,3725,1332
MA,Rowe,0.528,0.46,139,121
MA,Rowley,0.505,0.47,2063,1919
MA,Royalston,0.485,0.483,392,391
MA,Russell,0.388,0.581,350,524
MA,Rutland,0.461,0.512,2736,3035
MA,Salem,0.714,0.258,16536,5967
MA,Salisbury,0.482,0.495,2657,2727
MA,Sandisfield,0.555,0.421,280,212
MA,Sandwich,0.532,0.446,7256,6079
MA,Saugus,0.442,0.541,6617,8112
MA,Savoy,0.493,0.488,213,211
MA,Scituate,0.617,0.362,8229,4836
MA,Seekonk,0.483,0.493,4392,4483
MA,Sharon,0.712,0.257,7575,2731
MA,Sheffield,0.68,0.283,1373,572
MA,Shelburne,0.747,0.213,914,261
MA,Sherborn,0.755,0.205,2089,566
MA,Shirley,0.552,0.418,2030,1536
MA,Shrewsbury,0.593,0.369,11852,7378
MA,Shutesbury,0.829,0.136,1030,169
MA,Somerset,0.472,0.512,5199,5629
MA,Somerville,0.839,0.114,33218,4512
MA,South Hadley,0.63,0.342,6237,3390
MA,Southampton,0.524,0.451,2120,1826
MA,Southborough,0.671,0.295,4135,1818
MA,Southbridge,0.5,0.476,3501,3330
MA,Southwick,0.392,0.587,2289,3430
MA,Spencer,0.436,0.544,2791,3477
MA,Springfield,0.655,0.32,33329,16274
MA,Sterling,0.513,0.461,2832,2541
MA,Stockbridge,0.819,0.163,1073,213
MA,Stoneham,0.568,0.413,7650,5560
MA,Stoughton,0.618,0.361,9106,5319
MA,Stow,0.721,0.245,3434,1168
MA,Sturbridge,0.522,0.451,3137,2709
MA,Sudbury,0.742,0.225,8768,2656
MA,Sunderland,0.749,0.211,1408,397
MA,Sutton,0.458,0.518,2882,3258
MA,Swampscott,0.681,0.294,6219,2689
MA,Swansea,0.426,0.555,4402,5735
MA,Taunton,0.503,0.476,13582,12837
MA,Templeton,0.41,0.562,1883,2583
MA,Tewksbury,0.485,0.493,9002,9161
MA,Tisbury,0.762,0.206,2031,548
MA,Tolland,0.455,0.538,148,175
MA,Topsfield,0.581,0.394,2480,1685
MA,Townsend,0.464,0.516,2557,2846
MA,Truro,0.789,0.197,1434,358
MA,Tyngsborough,0.503,0.477,3767,3575
MA,Tyringham,0.698,0.252,224,81
MA,Upton,0.568,0.404,3086,2192
MA,Uxbridge,0.466,0.512,4172,4585
MA,Wakefield,0.588,0.385,9585,6270
MA,Wales,0.384,0.595,434,673
MA,Walpole,0.55,0.42,8692,6634
MA,Waltham,0.681,0.295,18048,7824
MA,Ware,0.453,0.527,2298,2672
MA,Wareham,0.5,0.484,6535,6319
MA,Warren,0.404,0.569,1072,1509
MA,Warwick,0.614,0.346,309,174
MA,Washington,0.611,0.361,218,129
MA,Watertown,0.751,0.214,13539,3864
MA,Wayland,0.77,0.195,6787,1718
MA,Webster,0.449,0.529,3671,4319
MA,Wellesley,0.742,0.223,11342,3409
MA,Wellfleet,0.758,0.211,1890,525
MA,Wendell,0.734,0.209,439,125
MA,Wenham,0.66,0.301,1718,782
MA,West Boylston,0.571,0.396,2643,1832
MA,West Bridgewater,0.442,0.539,2020,2465
MA,West Brookfield,0.481,0.5,1126,1170
MA,West Newbury,0.635,0.335,2068,1092
MA,West Springfield,0.489,0.485,6237,6186
MA,West Stockbridge,0.782,0.179,730,167
MA,West Tisbury,0.802,0.168,1757,367
MA,Westborough,0.679,0.284,7038,2938
MA,Westfield,0.468,0.507,9407,10189
MA,Westford,0.645,0.321,9543,4751
MA,Westhampton,0.617,0.351,762,434
MA,Westminster,0.483,0.492,2588,2640
MA,Weston,0.693,0.271,4484,1757
MA,Westport,0.458,0.523,4955,5663
MA,Westwood,0.618,0.347,6203,3491
MA,Weymouth,0.551,0.423,17340,13299
MA,Whately,0.661,0.316,717,343
MA,Whitman,0.476,0.502,4113,4337
MA,Wilbraham,0.505,0.466,4648,4290
MA,Williamsburg,0.758,0.202,1373,366
MA,Williamstown,0.834,0.137,3006,495
MA,Wilmington,0.506,0.47,7206,6692
MA,Winchendon,0.412,0.56,2159,2933
MA,Winchester,0.688,0.276,9099,3650
MA,Windsor,0.608,0.37,338,206
MA,Winthrop,0.551,0.425,5154,3976
MA,Woburn,0.567,0.407,12352,8873
MA,Worcester,0.624,0.345,40923,22598
MA,Worthington,0.613,0.337,536,295
MA,Wrentham,0.506,0.463,3957,3620
MA,Yarmouth,0.569,0.412,8746,6336
MI,Alcona,0.286,0.703,2140,5257
MI,Alger,0.395,0.593,2075,3116
MI,Allegan,0.357,0.629,25637,45206
MI,Alpena,0.351,0.637,6038,10967
MI,Antrim,0.375,0.612,6330,10341
MI,Arenac,0.291,0.697,2662,6379
MI,Baraga,0.343,0.642,1488,2779
MI,Barry,0.321,0.664,12391,25650
MI,Bay,0.42,0.567,25767,34792
MI,Benzie,0.45,0.537,5780,6895
MI,Berrien,0.454,0.532,38323,44975
MI,Branch,0.28,0.704,5911,14848
MI,Calhoun,0.423,0.564,28988,38606
MI,Cass,0.325,0.664,9050,18505
MI,Charlevoix,0.408,0.577,7197,10183
MI,Cheboygan,0.338,0.649,5543,10653
MI,Chippewa,0.37,0.613,6796,11249
MI,Clare,0.305,0.681,5273,11772
MI,Clinton,0.449,0.535,22450,26751
MI,Crawford,0.325,0.662,2752,5613
MI,Delta,0.341,0.645,7462,14109
MI,Dickinson,0.311,0.674,4763,10324
MI,Eaton,0.476,0.508,31056,33102
MI,Emmet,0.438,0.545,10005,12465
MI,Genesee,0.514,0.472,114670,105303
MI,Gladwin,0.291,0.698,4501,10809
MI,Gogebic,0.408,0.579,3385,4803
MI,Grand Traverse,0.483,0.501,30339,31423
MI,Gratiot,0.337,0.65,6682,12894
MI,Hillsdale,0.237,0.75,5875,18631
MI,Houghton,0.407,0.577,7881,11181
MI,Huron,0.291,0.697,5522,13224
MI,Ingham,0.638,0.341,94542,50564
MI,Ionia,0.333,0.652,11338,22179
MI,Iosco,0.34,0.646,5344,10155
MI,Iron,0.347,0.641,2441,4501
MI,Isabella,0.454,0.529,14011,16320
MI,Jackson,0.386,0.599,32348,50199
MI,Kalamazoo,0.58,0.403,84501,58671
MI,Kalkaska,0.278,0.707,3206,8149
MI,Kent,0.518,0.464,192668,172720
MI,Keweenaw,0.428,0.556,690,896
MI,Lake,0.332,0.654,2298,4523
MI,Lapeer,0.295,0.693,16338,38398
MI,Leelanau,0.532,0.454,9406,8035
MI,Lenawee,0.378,0.608,20787,33463
MI,Livingston,0.374,0.613,49503,81217
MI,Luce,0.258,0.727,769,2170
MI,Mackinac,0.37,0.618,2675,4476
MI,Macomb,0.422,0.559,214977,284660
MI,Manistee,0.412,0.572,6309,8748
MI,Marquette,0.535,0.448,20866,17459
MI,Mason,0.386,0.6,6973,10830
MI,Mecosta,0.342,0.642,7688,14445
MI,Menominee,0.326,0.662,4256,8647
MI,Midland,0.416,0.568,20926,28571
MI,Missaukee,0.213,0.772,1945,7066
MI,Monroe,0.357,0.628,32622,57405
MI,Montcalm,0.298,0.687,10368,23946
MI,Montmorency,0.266,0.72,1702,4599
MI,Muskegon,0.484,0.501,46028,47733
MI,Newaygo,0.278,0.706,8131,20630
MI,Oakland,0.543,0.437,419519,337791
MI,Oceana,0.342,0.642,5085,9547
MI,Ogemaw,0.283,0.703,3578,8879
MI,Ontonagon,0.342,0.645,1313,2479
MI,Osceola,0.252,0.731,3326,9639
MI,Oscoda,0.272,0.716,1414,3716
MI,Otsego,0.316,0.67,5052,10693
MI,Ottawa,0.39,0.595,69653,106133
MI,Presque Isle,0.347,0.637,3036,5568
MI,Roscommon,0.329,0.659,5290,10582
MI,Saginaw,0.477,0.51,49515,52912
MI,Sanilac,0.255,0.732,5957,17080
MI,Schoolcraft,0.333,0.653,1631,3196
MI,Shiawassee,0.377,0.608,15335,24718
MI,St. Clair,0.319,0.666,30844,64277
MI,St. Joseph,0.322,0.662,9452,19403
MI,Tuscola,0.279,0.709,8562,21764
MI,Van Buren,0.417,0.569,17175,23407
MI,Washtenaw,0.709,0.266,157152,58844
MI,Wayne,0.627,0.337,537032,288860
MI,Wexford,0.32,0.666,6224,12968
MN,Aitkin,0.337,0.645,3524,6741
MN,Anoka,0.464,0.508,97667,106974
MN,Becker,0.326,0.657,6435,12961
MN,Beltrami,0.462,0.519,11493,12898
MN,Benton,0.31,0.669,7084,15260
MN,Big Stone,0.341,0.636,964,1796
MN,Blue Earth,0.482,0.494,17558,18001
MN,Brown,0.313,0.664,4576,9692
MN,Carlton,0.476,0.501,9905,10435
MN,Carver,0.461,0.515,31869,35586
MN,Cass,0.325,0.659,6300,12759
MN,Chippewa,0.321,0.661,2026,4175
MN,Chisago,0.334,0.647,11894,23047
MN,Clay,0.49,0.486,16121,15965
MN,Clearwater,0.243,0.742,1169,3575
MN,Cook,0.66,0.312,2416,1142
MN,Cottonwood,0.285,0.694,1705,4157
MN,Crow Wing,0.335,0.647,14173,27423
MN,Dakota,0.551,0.423,143267,109995
MN,Dodge,0.329,0.648,4108,8095
MN,Douglas,0.316,0.666,7938,16726
MN,Faribault,0.303,0.676,2352,5247
MN,Fillmore,0.363,0.617,4491,7638
MN,Freeborn,0.386,0.599,6448,10003
MN,Goodhue,0.407,0.571,11731,16461
MN,Grant,0.335,0.64,1187,2266
MN,Hennepin,0.698,0.274,502710,197244
MN,Houston,0.408,0.573,4667,6547
MN,Hubbard,0.333,0.647,4536,8809
MN,Isanti,0.285,0.696,7384,18027
MN,Itasca,0.39,0.591,10467,15863
MN,Jackson,0.28,0.7,1581,3949
MN,Kanabec,0.28,0.703,2718,6818
MN,Kandiyohi,0.336,0.645,7814,15014
MN,Kittson,0.364,0.614,911,1535
MN,Koochiching,0.363,0.619,2465,4204
MN,Lac Qui Parle,0.329,0.651,1314,2600
MN,Lake,0.508,0.469,3534,3265
MN,Lake of the Woods,0.257,0.729,604,1710
MN,Le Sueur,0.323,0.658,5636,11503
MN,Lincoln,0.3,0.677,972,2190
MN,Lyon,0.33,0.647,4284,8400
MN,Mahnomen,0.447,0.534,975,1165
MN,Marshall,0.234,0.75,1177,3774
MN,Martin,0.294,0.689,3171,7442
MN,McLeod,0.301,0.679,6374,14394
MN,Meeker,0.278,0.704,3802,9645
MN,Mille Lacs,0.288,0.696,4374,10570
MN,Morrison,0.212,0.771,4306,15666
MN,Mower,0.438,0.543,8312,10297
MN,Murray,0.279,0.702,1329,3346
MN,Nicollet,0.486,0.491,9441,9540
MN,Nobles,0.314,0.67,2599,5541
MN,Norman,0.374,0.596,1233,1963
MN,Olmsted,0.54,0.434,49121,39467
MN,Otter Tail,0.32,0.661,11752,24276
MN,Pennington,0.33,0.644,2439,4756
MN,Pine,0.316,0.667,5339,11274
MN,Pipestone,0.251,0.731,1215,3537
MN,Polk,0.322,0.659,4967,10162
MN,Pope,0.332,0.648,2398,4677
MN,Ramsey,0.702,0.271,195168,75284
MN,Red Lake,0.303,0.673,642,1425
MN,Redwood,0.276,0.708,2300,5895
MN,Renville,0.283,0.696,2280,5610
MN,Rice,0.476,0.502,17353,18264
MN,Rock,0.295,0.687,1585,3690
MN,Roseau,0.246,0.739,2093,6279
MN,Scott,0.446,0.531,40214,47837
MN,Sherburne,0.316,0.664,18329,38491
MN,Sibley,0.275,0.704,2351,6014
MN,St. Louis,0.557,0.421,66335,50065
MN,Stearns,0.356,0.623,30829,53932
MN,Steele,0.367,0.61,7650,12742
MN,Stevens,0.356,0.625,1827,3213
MN,Swift,0.32,0.661,1618,3340
MN,Todd,0.224,0.758,3072,10392
MN,Traverse,0.331,0.646,597,1165
MN,Wabasha,0.349,0.631,4721,8523
MN,Wadena,0.236,0.749,1898,6028
MN,Waseca,0.328,0.652,3402,6770
MN,Washington,0.533,0.444,90324,75271
MN,Watonwan,0.349,0.626,1723,3087
MN,Wilkin,0.294,0.683,986,2290
MN,Winona,0.465,0.514,12929,14288
MN,Wright,0.343,0.635,30883,57211
MN,Yellow Medicine,0.286,0.691,1548,3738
MS,Adams,0.565,0.426,6743,5081
MS,Alcorn,0.154,0.837,2328,12657
MS,Amite,0.33,0.658,2246,4484
MS,Attala,0.38,0.613,2930,4723
MS,Benton,0.34,0.653,1318,2535
MS,Bolivar,0.615,0.378,6419,3943
MS,Calhoun,0.256,0.736,1547,4443
MS,Carroll,0.276,0.718,1431,3730
MS,Chickasaw,0.427,0.564,3090,4079
MS,Choctaw,0.248,0.741,965,2881
MS,Claiborne,0.833,0.158,2950,558
MS,Clarke,0.321,0.673,2430,5093
MS,Clay,0.548,0.444,4960,4017
MS,Coahoma,0.694,0.295,4711,2008
MS,Copiah,0.465,0.526,5426,6134
MS,Covington,0.33,0.662,2921,5869
MS,DeSoto,0.367,0.608,29023,48064
MS,Forrest,0.403,0.582,11475,16579
MS,Franklin,0.298,0.696,1213,2831
MS,George,0.103,0.891,1138,9858
MS,Greene,0.148,0.845,835,4776
MS,Grenada,0.416,0.579,4060,5651
MS,Hancock,0.201,0.788,4262,16684
MS,Harrison,0.35,0.639,26555,48497
MS,Hinds,0.724,0.263,62840,22816
MS,Holmes,0.805,0.185,5420,1243
MS,Humphreys,0.704,0.285,2443,990
MS,Issaquena,0.461,0.476,287,296
MS,Itawamba,0.097,0.897,1027,9523
MS,Jackson,0.295,0.694,15469,36376
MS,Jasper,0.472,0.522,3722,4118
MS,Jefferson,0.827,0.164,2727,541
MS,Jefferson Davis,0.565,0.428,3041,2302
MS,Jones,0.262,0.73,7272,20265
MS,Kemper,0.583,0.414,2381,1691
MS,Lafayette,0.383,0.6,8956,14050
MS,Lamar,0.25,0.737,7038,20775
MS,Lauderdale,0.39,0.602,10677,16487
MS,Lawrence,0.314,0.679,1899,4113
MS,Leake,0.38,0.614,3182,5143
MS,Lee,0.3,0.689,10616,24339
MS,Leflore,0.687,0.303,6476,2854
MS,Lincoln,0.27,0.723,4262,11432
MS,Lowndes,0.454,0.536,11096,13087
MS,Madison,0.407,0.58,22700,32333
MS,Marion,0.287,0.704,3215,7874
MS,Marshall,0.46,0.532,6888,7977
MS,Monroe,0.317,0.676,5090,10861
MS,Montgomery,0.392,0.601,1737,2658
MS,Neshoba,0.241,0.751,2622,8154
MS,Newton,0.279,0.712,2603,6641
MS,Noxubee,0.735,0.259,3269,1151
MS,Oktibbeha,0.49,0.493,8851,8901
MS,Panola,0.42,0.569,6061,8202
MS,Pearl River,0.161,0.828,3982,20438
MS,Perry,0.195,0.799,1078,4425
MS,Pike,0.478,0.513,7402,7943
MS,Pontotoc,0.157,0.835,2214,11740
MS,Prentiss,0.166,0.827,1727,8581
MS,Quitman,0.644,0.337,1725,902
MS,Rankin,0.259,0.73,18060,50896
MS,Scott,0.377,0.617,3729,6098
MS,Sharkey,0.68,0.312,1201,551
MS,Simpson,0.314,0.681,3479,7552
MS,Smith,0.194,0.801,1486,6146
MS,Stone,0.205,0.785,1620,6214
MS,Sunflower,0.674,0.319,5312,2515
MS,Tallahatchie,0.525,0.465,2630,2333
MS,Tate,0.276,0.714,3555,9185
MS,Tippah,0.161,0.832,1547,7984
MS,Tishomingo,0.102,0.891,921,8064
MS,Tunica,0.689,0.299,1837,799
MS,Union,0.145,0.846,1807,10559
MS,Walthall,0.361,0.63,2355,4114
MS,Warren,0.474,0.514,8683,9407
MS,Washington,0.67,0.32,9735,4649
MS,Wayne,0.332,0.659,3028,6013
MS,Webster,0.171,0.823,872,4195
MS,Wilkinson,0.62,0.367,1817,1075
MS,Winston,0.405,0.587,3392,4922
MS,Yalobusha,0.389,0.599,2289,3518
MS,Yazoo,0.484,0.508,4342,4558
MO,Adair,0.326,0.661,3334,6771
MO,Andrew,0.235,0.752,2312,7407
MO,Atchison,0.195,0.793,529,2152
MO,Audrain,0.255,0.732,2688,7699
MO,Barry,0.178,0.813,2873,13138
MO,Barton,0.136,0.858,820,5159
MO,Bates,0.187,0.803,1563,6702
MO,Benton,0.201,0.792,2166,8526
MO,Bollinger,0.123,0.871,756,5365
MO,Boone,0.538,0.44,48452,39673
MO,Buchanan,0.352,0.632,12598,22606
MO,Butler,0.177,0.815,3160,14549
MO,Caldwell,0.189,0.802,888,3771
MO,Callaway,0.276,0.709,5926,15206
MO,Camden,0.224,0.767,5724,19597
MO,Cape Girardeau,0.262,0.726,10561,29315
MO,Carroll,0.174,0.819,789,3708
MO,Carter,0.127,0.869,364,2488
MO,Cass,0.333,0.654,19753,38792
MO,Cedar,0.147,0.844,1060,6064
MO,Chariton,0.214,0.777,875,3179
MO,Christian,0.233,0.756,11850,38379
MO,Clark,0.188,0.804,628,2679
MO,Clay,0.463,0.52,60345,67688
MO,Clinton,0.254,0.733,2855,8235
MO,Cole,0.321,0.665,12874,26686
MO,Cooper,0.266,0.724,2347,6393
MO,Crawford,0.185,0.807,2007,8742
MO,Dade,0.16,0.831,671,3480
MO,Dallas,0.173,0.818,1458,6907
MO,Daviess,0.179,0.811,701,3185
MO,DeKalb,0.181,0.807,870,3885
MO,Dent,0.144,0.847,1025,6013
MO,Douglas,0.137,0.856,996,6242
MO,Dunklin,0.188,0.805,1885,8096
MO,Franklin,0.265,0.723,14694,40126
MO,Gasconade,0.194,0.797,1555,6370
MO,Gentry,0.187,0.805,616,2651
MO,Greene,0.388,0.597,55971,85956
MO,Grundy,0.178,0.813,784,3582
MO,Harrison,0.139,0.856,534,3293
MO,Henry,0.232,0.758,2535,8286
MO,Hickory,0.191,0.802,978,4108
MO,Holt,0.152,0.843,357,1982
MO,Howard,0.271,0.713,1341,3534
MO,Howell,0.162,0.829,3073,15733
MO,Iron,0.182,0.807,824,3644
MO,Jackson Suburbs,0.471,0.513,91366,99385
MO,Jasper,0.259,0.726,13943,39084
MO,Jefferson,0.31,0.677,36965,80796
MO,Johnson,0.295,0.691,6960,16298
MO,Kansas City,0.77,0.211,95660,26225
MO,Knox,0.172,0.817,311,1479
MO,LaClede,0.161,0.829,2756,14155
MO,Lafayette,0.249,0.737,4294,12720
MO,Lawrence,0.176,0.814,3248,15001
MO,Lewis,0.194,0.795,872,3565
MO,Lincoln,0.215,0.774,6908,24866
MO,Linn,0.208,0.78,1183,4437
MO,Livingston,0.207,0.785,1422,5395
MO,Macon,0.189,0.804,1481,6300
MO,Madison,0.171,0.821,986,4721
MO,Maries,0.158,0.833,755,3987
MO,Marion,0.23,0.76,3032,9991
MO,McDonald,0.152,0.84,1423,7843
MO,Mercer,0.131,0.862,235,1545
MO,Miller,0.159,0.832,2067,10826
MO,Mississippi,0.228,0.765,1015,3404
MO,Moniteau,0.18,0.808,1313,5877
MO,Monroe,0.196,0.794,857,3476
MO,Montgomery,0.195,0.796,1170,4776
MO,Morgan,0.197,0.794,1914,7725
MO,New Madrid,0.229,0.764,1561,5203
MO,Newton,0.202,0.788,5867,22923
MO,Nodaway,0.276,0.713,2674,6909
MO,Oregon,0.151,0.842,696,3884
MO,Osage,0.131,0.861,1009,6657
MO,Ozark,0.146,0.846,698,4044
MO,Pemiscot,0.253,0.743,1331,3917
MO,Perry,0.179,0.813,1757,7986
MO,Pettis,0.249,0.737,4703,13907
MO,Phelps,0.279,0.708,5379,13658
MO,Pike,0.207,0.786,1618,6151
MO,Platte,0.477,0.508,27566,29381
MO,Polk,0.186,0.802,2948,12691
MO,Pulaski,0.242,0.745,3765,11579
MO,Putnam,0.146,0.849,347,2021
MO,Ralls,0.2,0.792,1154,4575
MO,Randolph,0.233,0.755,2571,8322
MO,Ray,0.251,0.738,2927,8602
MO,Reynolds,0.154,0.837,472,2560
MO,Ripley,0.131,0.862,763,5002
MO,Saline,0.292,0.696,2726,6498
MO,Schuyler,0.172,0.816,334,1588
MO,Scotland,0.187,0.801,358,1537
MO,Scott,0.202,0.791,3525,13786
MO,Shannon,0.156,0.837,625,3364
MO,Shelby,0.169,0.825,550,2691
MO,St. Charles,0.408,0.577,92226,130588
MO,St. Clair,0.192,0.798,959,3982
MO,St. Francois,0.238,0.752,6811,21521
MO,St. Louis City,0.812,0.166,94458,19342
MO,St. Louis County,0.608,0.374,305635,187982
MO,Ste. Genevieve,0.269,0.719,2629,7031
MO,Stoddard,0.128,0.866,1736,11783
MO,Stone,0.189,0.803,3620,15357
MO,Sullivan,0.166,0.826,408,2035
MO,Taney,0.199,0.792,5329,21236
MO,Texas,0.138,0.855,1589,9855
MO,Vernon,0.198,0.793,1774,7112
MO,Warren,0.247,0.742,4970,14915
MO,Washington,0.171,0.823,1747,8424
MO,Wayne,0.134,0.86,783,5030
MO,Webster,0.184,0.807,3653,15984
MO,Worth,0.172,0.818,190,904
MO,Wright,0.118,0.874,1057,7850
MT,Beaverhead,0.266,0.7,1543,4058
MT,Big Horn,0.472,0.489,2112,2188
MT,Blaine,0.447,0.505,1348,1526
MT,Broadwater,0.184,0.784,885,3770
MT,Carbon,0.322,0.647,2353,4719
MT,Carter,0.088,0.89,75,760
MT,Cascade,0.373,0.596,14021,22419
MT,Chouteau,0.32,0.642,940,1885
MT,Custer,0.239,0.726,1385,4208
MT,Daniels,0.162,0.818,154,778
MT,Dawson,0.193,0.782,894,3627
MT,Deer Lodge,0.488,0.478,2376,2329
MT,Fallon,0.108,0.865,163,1303
MT,Fergus,0.227,0.74,1522,4965
MT,Flathead,0.318,0.655,20062,41390
MT,Gallatin,0.5,0.468,34938,32695
MT,Garfield,0.049,0.945,39,756
MT,Glacier,0.578,0.382,2933,1939
MT,Golden Valley,0.13,0.854,67,440
MT,Granite,0.266,0.706,579,1537
MT,Hill,0.387,0.569,2634,3871
MT,Jefferson,0.303,0.669,2516,5544
MT,Judith Basin,0.196,0.777,265,1051
MT,Lake,0.385,0.584,6510,9880
MT,Lewis and Clark,0.454,0.511,19085,21479
MT,Liberty,0.217,0.761,214,752
MT,Lincoln,0.222,0.756,2615,8909
MT,Madison,0.261,0.714,1689,4615
MT,McCone,0.119,0.86,129,931
MT,Meagher,0.218,0.758,256,888
MT,Mineral,0.243,0.723,689,2049
MT,Missoula,0.59,0.375,42903,27306
MT,Musselshell,0.131,0.846,396,2550
MT,Park,0.446,0.523,5224,6128
MT,Petroleum,0.114,0.877,37,284
MT,Phillips,0.176,0.801,385,1753
MT,Pondera,0.274,0.691,782,1972
MT,Powder River,0.118,0.871,131,963
MT,Powell,0.216,0.751,710,2466
MT,Prairie,0.177,0.794,122,546
MT,Ravalli,0.284,0.689,8485,20617
MT,Richland,0.147,0.826,778,4387
MT,Roosevelt,0.429,0.525,1680,2055
MT,Rosebud,0.297,0.668,1095,2466
MT,Sanders,0.211,0.762,1705,6150
MT,Sheridan,0.266,0.691,509,1321
MT,Silver Bow,0.515,0.445,9386,8110
MT,Stillwater,0.179,0.796,1056,4699
MT,Sweet Grass,0.22,0.751,525,1789
MT,Teton,0.26,0.71,927,2533
MT,Toole,0.203,0.768,415,1571
MT,Treasure,0.129,0.83,57,367
MT,Valley,0.229,0.74,935,3019
MT,Wheatland,0.192,0.776,209,843
MT,Wibaux,0.13,0.848,71,463
MT,Yellowstone,0.349,0.62,28392,50460
NE,Adams,0.284,0.699,4100,10077
NE,Antelope,0.114,0.877,396,3032
NE,Arthur,0.06,0.933,17,264
NE,Banner,0.087,0.892,34,348
NE,Blaine,0.127,0.856,37,250
NE,Boone,0.163,0.822,496,2499
NE,Box Butte,0.211,0.775,1043,3827
NE,Boyd,0.123,0.872,132,938
NE,Brown,0.122,0.866,201,1428
NE,Buffalo,0.267,0.715,6386,17064
NE,Burt,0.268,0.718,983,2632
NE,Butler,0.197,0.791,906,3642
NE,Cass,0.305,0.675,4824,10685
NE,Cedar,0.142,0.839,702,4141
NE,Chase,0.109,0.882,204,1648
NE,Cherry,0.113,0.873,349,2687
NE,Cheyenne,0.173,0.811,787,3692
NE,Clay,0.174,0.807,577,2677
NE,Colfax,0.24,0.749,845,2636
NE,Cuming,0.194,0.793,867,3536
NE,Custer,0.133,0.853,786,5042
NE,Dakota,0.344,0.641,2109,3934
NE,Dawes,0.255,0.723,992,2812
NE,Dawson,0.246,0.741,2101,6312
NE,Deuel,0.149,0.831,151,843
NE,Dixon,0.197,0.782,573,2271
NE,Dodge,0.329,0.654,5434,10795
NE,Douglas,0.541,0.439,148733,120919
NE,Dundy,0.103,0.89,96,829
NE,Fillmore,0.219,0.765,662,2315
NE,Franklin,0.147,0.842,236,1351
NE,Frontier,0.131,0.858,185,1213
NE,Furnas,0.148,0.845,358,2043
NE,Gage,0.296,0.686,3242,7523
NE,Garden,0.145,0.847,162,949
NE,Garfield,0.114,0.878,116,893
NE,Gosper,0.181,0.808,203,907
NE,Grant,0.041,0.959,15,351
NE,Greeley,0.155,0.834,192,1030
NE,Hall,0.304,0.68,6956,15566
NE,Hamilton,0.191,0.792,1067,4416
NE,Harlan,0.155,0.834,280,1506
NE,Hayes,0.038,0.955,19,472
NE,Hitchcock,0.106,0.882,152,1269
NE,Holt,0.125,0.862,681,4708
NE,Hooker,0.129,0.864,55,369
NE,Howard,0.18,0.804,642,2868
NE,Jefferson,0.266,0.718,968,2614
NE,Johnson,0.289,0.692,625,1496
NE,Kearney,0.204,0.782,736,2828
NE,Keith,0.174,0.812,731,3416
NE,Keya Paha,0.081,0.917,44,500
NE,Kimball,0.158,0.827,272,1424
NE,Knox,0.177,0.808,786,3593
NE,Lancaster,0.51,0.467,81012,74215
NE,Lincoln,0.217,0.767,3586,12674
NE,Logan,0.057,0.925,25,409
NE,Loup,0.171,0.827,73,354
NE,Madison,0.213,0.771,3360,12145
NE,McPherson,0.042,0.94,12,267
NE,Merrick,0.167,0.813,730,3551
NE,Morrill,0.151,0.834,366,2026
NE,Nance,0.191,0.793,352,1462
NE,Nemaha,0.266,0.71,915,2443
NE,Nuckolls,0.176,0.812,399,1836
NE,Otoe,0.299,0.687,2463,5651
NE,Pawnee,0.205,0.783,284,1085
NE,Perkins,0.131,0.855,187,1224
NE,Phelps,0.152,0.834,758,4158
NE,Pierce,0.114,0.875,446,3420
NE,Platte,0.203,0.783,3191,12326
NE,Polk,0.177,0.812,501,2296
NE,Red Willow,0.153,0.835,815,4457
NE,Richardson,0.236,0.747,934,2962
NE,Rock,0.102,0.892,85,745
NE,Saline,0.327,0.658,1855,3734
NE,Sarpy,0.433,0.548,43825,55567
NE,Saunders,0.261,0.723,3558,9854
NE,Scotts Bluff,0.255,0.731,3856,11033
NE,Seward,0.258,0.722,2388,6667
NE,Sheridan,0.145,0.842,362,2102
NE,Sherman,0.194,0.794,328,1344
NE,Sioux,0.113,0.878,77,597
NE,Stanton,0.16,0.824,492,2536
NE,Thayer,0.19,0.796,544,2278
NE,Thomas,0.112,0.885,44,348
NE,Thurston,0.46,0.53,978,1125
NE,Valley,0.175,0.813,403,1872
NE,Washington,0.281,0.702,3538,8855
NE,Wayne,0.245,0.733,1006,3011
NE,Webster,0.168,0.821,296,1449
NE,Wheeler,0.117,0.872,57,424
NE,York,0.235,0.746,1648,5234
NV,Carson City,0.43,0.543,13375,16873
NV,Churchill,0.235,0.738,3179,9962
NV,Clark,0.504,0.478,520187,493052
NV,Douglas,0.325,0.653,11553,23237
NV,Elko,0.206,0.772,4632,17352
NV,Esmeralda,0.158,0.816,73,376
NV,Eureka,0.1,0.878,104,910
NV,Humboldt,0.213,0.765,1711,6141
NV,Lander,0.177,0.8,482,2180
NV,Lincoln,0.127,0.853,314,2108
NV,Lyon,0.267,0.711,8954,23861
NV,Mineral,0.31,0.666,711,1528
NV,Nye,0.28,0.702,7559,18946
NV,Pershing,0.215,0.764,496,1764
NV,Storey,0.297,0.685,913,2108
NV,Washoe,0.493,0.483,130071,127443
NV,White Pine,0.203,0.773,883,3364
NH,Acworth,0.475,0.507,281,300
NH,Albany,0.56,0.429,253,194
NH,Alexandria,0.388,0.594,436,667
NH,Allenstown,0.434,0.553,1151,1468
NH,Alstead,0.551,0.434,669,527
NH,Alton,0.368,0.626,1553,2645
NH,Amherst,0.572,0.41,4674,3347
NH,Andover,0.497,0.489,801,788
NH,Antrim,0.466,0.516,788,873
NH,Ashland,0.496,0.485,627,614
NH,Atkinson,0.417,0.573,2149,2958
NH,Auburn,0.411,0.577,1667,2340
NH,Barnstead,0.385,0.603,1208,1893
NH,Barrington,0.513,0.472,3241,2985
NH,Bartlett,0.617,0.37,1304,782
NH,Bath,0.368,0.622,257,434
NH,Bedford,0.507,0.474,7444,6963
NH,Belmont,0.378,0.607,1634,2626
NH,Bennington,0.433,0.548,386,489
NH,Benton,0.325,0.658,76,154
NH,Berlin,0.475,0.513,1921,2078
NH,Bethlehem,0.604,0.372,1013,624
NH,Boscawen,0.43,0.558,935,1213
NH,Bow,0.57,0.414,3093,2246
NH,Bradford,0.514,0.469,571,521
NH,Brentwood,0.502,0.477,1566,1488
NH,Bridgewater,0.455,0.537,400,472
NH,Bristol,0.468,0.513,957,1049
NH,Brookfield,0.407,0.579,236,336
NH,Brookline,0.508,0.474,1875,1749
NH,Campton,0.504,0.479,1094,1040
NH,Canaan,0.543,0.443,1190,971
NH,Candia,0.365,0.623,1077,1841
NH,Canterbury,0.541,0.441,950,774
NH,Carroll,0.475,0.515,261,283
NH,Center Harbor,0.479,0.515,390,419
NH,Charlestown,0.445,0.538,1126,1362
NH,Chatham,0.483,0.509,113,119
NH,Chester,0.398,0.583,1411,2065
NH,Chesterfield,0.556,0.423,1368,1039
NH,Chichester,0.402,0.584,741,1077
NH,Claremont,0.477,0.51,2855,3049
NH,Clarksville,0.318,0.672,62,131
NH,Colebrook,0.348,0.634,399,726
NH,Columbia,0.307,0.686,128,286
NH,Concord,0.627,0.357,15216,8670
NH,Conway,0.561,0.427,3425,2606
NH,Cornish,0.578,0.408,660,466
NH,Croydon,0.31,0.66,179,381
NH,Dalton,0.427,0.562,263,346
NH,Danbury,0.358,0.626,297,519
NH,Danville,0.364,0.625,1043,1792
NH,Deerfield,0.413,0.57,1401,1932
NH,Deering,0.38,0.606,438,699
NH,Derry,0.435,0.553,7851,9989
NH,Dixville,0.5,0.5,3,3
NH,Dorchester,0.408,0.576,100,141
NH,Dover,0.644,0.338,12655,6650
NH,Dublin,0.603,0.377,680,425
NH,Dummer,0.305,0.684,57,128
NH,Dunbarton,0.426,0.556,899,1173
NH,Durham,0.715,0.269,6047,2270
NH,East Kingston,0.447,0.531,765,910
NH,Easton,0.682,0.31,165,75
NH,Eaton,0.599,0.394,193,127
NH,Effingham,0.37,0.62,374,627
NH,Ellsworth,0.5,0.486,37,36
NH,Enfield,0.613,0.371,1679,1017
NH,Epping,0.436,0.552,2149,2719
NH,Epsom,0.377,0.61,1146,1853
NH,Errol,0.328,0.672,78,160
NH,Exeter,0.655,0.327,6782,3385
NH,Farmington,0.383,0.609,1405,2232
NH,Fitzwilliam,0.435,0.547,638,802
NH,Francestown,0.484,0.497,593,608
NH,Franconia,0.655,0.322,542,267
NH,Franklin,0.411,0.572,1852,2573
NH,Freedom,0.449,0.541,536,647
NH,Fremont,0.396,0.592,1243,1855
NH,Gilford,0.468,0.52,2473,2751
NH,Gilmanton,0.389,0.605,1035,1611
NH,Gilsum,0.47,0.516,243,267
NH,Goffstown,0.478,0.507,5037,5344
NH,Gorham,0.524,0.466,882,785
NH,Goshen,0.34,0.648,162,309
NH,Grafton,0.402,0.572,318,452
NH,Grantham,0.673,0.311,1660,768
NH,Greenfield,0.487,0.495,531,540
NH,Greenland,0.569,0.415,1681,1226
NH,Greenville,0.428,0.552,442,569
NH,Groton,0.339,0.648,132,252
NH,Hampstead,0.399,0.587,2425,3563
NH,Hampton,0.528,0.464,5521,4843
NH,Hampton Falls,0.464,0.523,807,911
NH,Hancock,0.656,0.328,863,432
NH,Hanover,0.843,0.139,6049,995
NH,Harrisville,0.683,0.297,527,229
NH,Hart's Location,0.457,0.543,21,25
NH,Haverhill,0.385,0.6,939,1464
NH,Hebron,0.495,0.495,277,277
NH,Henniker,0.532,0.455,1548,1324
NH,Hill,0.353,0.635,235,422
NH,Hillsborough,0.425,0.561,1465,1930
NH,Hinsdale,0.506,0.486,969,930
NH,Holderness,0.585,0.398,866,589
NH,Hollis,0.551,0.43,3230,2525
NH,Hooksett,0.469,0.516,4211,4639
NH,Hopkinton,0.627,0.355,2636,1492
NH,Hudson,0.44,0.548,6449,8045
NH,Jackson,0.697,0.284,541,220
NH,Jaffrey,0.475,0.502,1528,1617
NH,Jefferson,0.369,0.616,253,422
NH,Keene,0.659,0.323,8541,4183
NH,Kensington,0.504,0.48,798,760
NH,Kingston,0.405,0.583,1680,2419
NH,Laconia,0.453,0.536,4321,5104
NH,Lancaster,0.442,0.541,798,977
NH,Landaff,0.423,0.567,126,169
NH,Langdon,0.458,0.533,195,227
NH,Lebanon,0.74,0.241,6076,1981
NH,Lee,0.648,0.337,1893,986
NH,Lempster,0.417,0.57,318,435
NH,Lincoln,0.533,0.441,505,418
NH,Lisbon,0.431,0.557,369,477
NH,Litchfield,0.439,0.544,2421,3005
NH,Littleton,0.477,0.509,1582,1691
NH,Londonderry,0.47,0.518,7655,8435
NH,Loudon,0.383,0.606,1427,2259
NH,Lyman,0.429,0.553,166,214
NH,Lyme,0.845,0.139,1050,173
NH,Lyndeborough,0.47,0.508,557,603
NH,Madbury,0.62,0.36,812,471
NH,Madison,0.526,0.462,939,824
NH,Manchester,0.531,0.454,27729,23745
NH,Marlborough,0.608,0.376,783,484
NH,Marlow,0.52,0.472,238,216
NH,Mason,0.388,0.597,373,574
NH,Meredith,0.482,0.507,2242,2355
NH,Merrimack,0.504,0.481,8890,8492
NH,Middleton,0.331,0.659,378,753
NH,Milan,0.398,0.593,326,486
NH,Milford,0.518,0.464,4912,4401
NH,Millsfield,0.231,0.769,3,10
NH,Milton,0.375,0.609,1022,1661
NH,Monroe,0.394,0.584,215,319
NH,Mont Vernon,0.546,0.439,1023,823
NH,Moultonborough,0.431,0.556,1692,2182
NH,Nashua,0.556,0.429,25238,19479
NH,Nelson,0.575,0.403,257,180
NH,New Boston,0.478,0.508,1924,2047
NH,New Castle,0.647,0.333,555,286
NH,New Durham,0.384,0.6,746,1167
NH,New Hampton,0.448,0.538,748,898
NH,New Ipswich,0.283,0.706,934,2332
NH,New London,0.655,0.328,2078,1043
NH,Newbury,0.534,0.448,908,762
NH,Newfields,0.582,0.395,740,503
NH,Newington,0.482,0.502,301,313
NH,Newmarket,0.648,0.334,3895,2012
NH,Newport,0.392,0.59,1305,1963
NH,Newton,0.399,0.587,1217,1790
NH,North Hampton,0.566,0.419,1945,1438
NH,Northfield,0.401,0.584,1115,1624
NH,Northumberland,0.357,0.628,406,715
NH,Northwood,0.451,0.535,1333,1580
NH,Nottingham,0.489,0.496,1796,1823
NH,Orange,0.463,0.507,94,103
NH,Orford,0.607,0.372,529,324
NH,Ossipee,0.363,0.628,979,1693
NH,Pelham,0.368,0.62,3398,5717
NH,Pembroke,0.488,0.498,2205,2250
NH,Peterborough,0.682,0.299,3039,1333
NH,Piermont,0.511,0.483,241,228
NH,Pittsburg,0.258,0.732,155,440
NH,Pittsfield,0.364,0.617,850,1441
NH,Plainfield,0.679,0.306,1155,521
NH,Plaistow,0.4,0.583,1895,2761
NH,Plymouth,0.587,0.392,2046,1367
NH,Portsmouth,0.699,0.284,10289,4187
NH,Randolph,0.679,0.314,190,88
NH,Raymond,0.378,0.61,2400,3876
NH,Richmond,0.382,0.606,288,457
NH,Rindge,0.366,0.622,1380,2348
NH,Rochester,0.476,0.511,8264,8881
NH,Rollinsford,0.557,0.427,975,747
NH,Roxbury,0.6,0.387,90,58
NH,Rumney,0.424,0.543,443,567
NH,Rye,0.591,0.391,2611,1728
NH,Salem,0.401,0.588,7453,10943
NH,Salisbury,0.379,0.607,381,610
NH,Sanbornton,0.413,0.576,883,1232
NH,Sandown,0.371,0.619,1568,2616
NH,Sandwich,0.628,0.358,759,432
NH,Seabrook,0.383,0.608,1996,3166
NH,Sharon,0.531,0.462,156,136
NH,Shelburne,0.447,0.533,130,155
NH,Somersworth,0.55,0.437,3532,2808
NH,South Hampton,0.428,0.555,271,351
NH,Springfield,0.477,0.514,444,479
NH,Stark,0.36,0.637,118,209
NH,Stewartstown,0.23,0.763,101,335
NH,Stoddard,0.457,0.525,433,497
NH,Strafford,0.469,0.518,1403,1551
NH,Stratford,0.412,0.571,145,201
NH,Stratham,0.593,0.391,3302,2178
NH,Sugar Hill,0.649,0.327,323,163
NH,Sullivan,0.45,0.524,195,227
NH,Sunapee,0.526,0.448,1322,1126
NH,Surry,0.511,0.48,294,276
NH,Sutton,0.538,0.444,770,636
NH,Swanzey,0.488,0.501,2064,2117
NH,Tamworth,0.493,0.497,914,922
NH,Temple,0.48,0.5,459,478
NH,Thornton,0.535,0.452,983,829
NH,Tilton,0.437,0.548,982,1231
NH,Troy,0.402,0.579,458,659
NH,Tuftonboro,0.451,0.536,900,1070
NH,Unity,0.334,0.641,304,583
NH,Wakefield,0.356,0.634,1258,2239
NH,Walpole,0.6,0.384,1422,909
NH,Warner,0.53,0.455,1013,868
NH,Warren,0.358,0.63,184,324
NH,Washington,0.396,0.581,351,515
NH,Waterville,0.596,0.381,255,163
NH,Weare,0.384,0.602,2200,3451
NH,Webster,0.427,0.561,554,727
NH,Wentworth,0.333,0.645,211,408
NH,Wentworth's Location,0.261,0.739,6,17
NH,Westmoreland,0.547,0.446,607,495
NH,Whitefield,0.465,0.514,682,753
NH,Wilmot,0.594,0.39,598,392
NH,Wilton,0.501,0.48,1278,1226
NH,Winchester,0.437,0.549,907,1141
NH,Windham,0.434,0.551,4373,5557
NH,Windsor,0.227,0.773,30,102
NH,Wolfeboro,0.494,0.493,2385,2381
NH,Woodstock,0.513,0.466,441,401
NJ,Atlantic,0.475,0.505,61879,65817
NJ,Bergen,0.505,0.471,232660,217096
NJ,Burlington,0.575,0.409,132275,94116
NJ,Camden,0.628,0.354,155522,87767
NJ,Cape May,0.395,0.587,21648,32151
NJ,Cumberland,0.475,0.512,26577,28675
NJ,Essex,0.717,0.268,224596,83908
NJ,Gloucester,0.476,0.504,78708,83326
NJ,Hudson,0.623,0.344,144765,79913
NJ,Hunterdon,0.455,0.522,36995,42391
NJ,Mercer,0.657,0.319,107558,52274
NJ,Middlesex,0.523,0.443,191802,162459
NJ,Monmouth,0.432,0.546,156382,197409
NJ,Morris,0.474,0.501,135672,143439
NJ,Ocean,0.313,0.672,105789,227232
NJ,Passaic,0.468,0.496,95156,100954
NJ,Salem,0.395,0.586,12275,18229
NJ,Somerset,0.554,0.415,98790,74101
NJ,Sussex,0.365,0.614,31019,52123
NJ,Union,0.609,0.368,147327,89063
NJ,Warren,0.386,0.593,23318,35772
NM,Bernalillo,0.592,0.382,184117,118762
NM,Catron,0.242,0.743,571,1752
NM,Chaves,0.268,0.716,5941,15894
NM,Cibola,0.496,0.48,4450,4311
NM,Colfax,0.419,0.559,2436,3252
NM,Curry,0.278,0.704,4230,10714
NM,DeBaca,0.236,0.743,206,649
NM,Dona Ana,0.538,0.44,45937,37594
NM,Eddy,0.214,0.773,5032,18141
NM,Grant,0.513,0.462,7301,6580
NM,Guadalupe,0.495,0.488,959,945
NM,Harding,0.297,0.689,128,297
NM,Hidalgo,0.379,0.612,705,1140
NM,Lea,0.185,0.801,3930,16997
NM,Lincoln,0.298,0.683,3033,6942
NM,Los Alamos,0.634,0.332,7726,4047
NM,Luna,0.394,0.583,3176,4698
NM,McKinley,0.607,0.362,15711,9364
NM,Mora,0.579,0.406,1439,1010
NM,Otero,0.354,0.624,8582,15117
NM,Quay,0.285,0.694,1055,2570
NM,Rio Arriba,0.586,0.392,9373,6268
NM,Roosevelt,0.274,0.706,1820,4687
NM,San Juan,0.33,0.647,17464,34264
NM,San Miguel,0.629,0.35,6985,3887
NM,Sandoval,0.518,0.46,41205,36605
NM,Santa Fe,0.733,0.244,61405,20457
NM,Sierra,0.392,0.583,2332,3473
NM,Socorro,0.468,0.505,3384,3651
NM,Taos,0.724,0.249,12038,4139
NM,Torrance,0.298,0.68,2144,4880
NM,Union,0.227,0.749,378,1247
NM,Valencia,0.409,0.573,13609,19057
NY,Albany,0.623,0.367,92589,54560
NY,Allegany,0.283,0.714,5483,13826
NY,Bronx,0.721,0.271,261670,98174
NY,Brooklyn,0.709,0.276,601265,233964
NY,Broome,0.499,0.495,45142,44763
NY,Cattaraugus,0.335,0.662,11424,22586
NY,Cayuga,0.434,0.564,15772,20482
NY,Chautauqua,0.389,0.608,22085,34528
NY,Chemung,0.415,0.582,15572,21861
NY,Chenango,0.363,0.634,8177,14294
NY,Clinton,0.488,0.509,17478,18247
NY,Columbia,0.568,0.423,20396,15168
NY,Cortland,0.466,0.531,10290,11706
NY,Delaware,0.399,0.595,9237,13789
NY,Dutchess,0.524,0.47,79994,71778
NY,Erie,0.545,0.448,248651,204774
NY,Essex,0.5,0.496,9629,9533
NY,Franklin,0.453,0.543,8821,10569
NY,Fulton,0.32,0.678,7666,16237
NY,Genesee,0.329,0.668,9367,18997
NY,Greene,0.412,0.581,10436,14702
NY,Hamilton,0.352,0.646,1211,2223
NY,Herkimer,0.317,0.681,9110,19557
NY,Jefferson,0.381,0.617,16326,26417
NY,Lewis,0.278,0.721,3600,9353
NY,Livingston,0.391,0.605,12148,18780
NY,Madison,0.432,0.563,14629,19025
NY,Manhattan,0.816,0.174,533782,113921
NY,Monroe,0.592,0.402,214757,145940
NY,Montgomery,0.355,0.641,7356,13286
NY,Nassau,0.475,0.517,338424,368117
NY,Niagara,0.424,0.573,43438,58678
NY,Oneida,0.393,0.605,39415,60687
NY,Onondaga,0.583,0.411,133155,93916
NY,Ontario,0.492,0.504,29520,30221
NY,Orange,0.457,0.54,80253,94936
NY,Orleans,0.297,0.7,5366,12659
NY,Oswego,0.378,0.619,20483,33548
NY,Otsego,0.458,0.537,13031,15256
NY,Putnam,0.429,0.566,23956,31553
NY,Queens,0.614,0.372,437282,264628
NY,Rensselaer,0.504,0.49,39668,38601
NY,Rockland,0.439,0.557,65880,83543
NY,Saratoga,0.507,0.489,66321,63940
NY,Schenectady,0.551,0.443,39733,31975
NY,Schoharie,0.346,0.65,5547,10423
NY,Schuyler,0.394,0.603,3736,5717
NY,Seneca,0.44,0.557,6610,8379
NY,St. Lawrence,0.409,0.589,18010,25919
NY,Staten Island,0.347,0.642,69345,128151
NY,Steuben,0.34,0.657,15413,29777
NY,Suffolk,0.448,0.547,341812,417549
NY,Sullivan,0.415,0.581,14549,20386
NY,Tioga,0.384,0.612,9437,15038
NY,Tompkins,0.744,0.244,34631,11354
NY,Ulster,0.588,0.403,57974,39743
NY,Warren,0.477,0.519,17099,18606
NY,Washington,0.393,0.604,11224,17268
NY,Wayne,0.384,0.614,17056,27286
NY,Westchester,0.628,0.366,287434,167795
NY,Wyoming,0.259,0.741,4929,14112
NY,Yates,0.417,0.578,4401,6098
NC,Alamance,0.452,0.534,40624,47937
NC,Alexander,0.196,0.793,4060,16404
NC,Alleghany,0.236,0.754,1533,4900
NC,Anson,0.483,0.508,5253,5525
NC,Ashe,0.273,0.715,4431,11629
NC,Avery,0.234,0.757,2220,7181
NC,Beaufort,0.34,0.651,9049,17296
NC,Bertie,0.575,0.418,5279,3840
NC,Bladen,0.395,0.599,6620,10035
NC,Brunswick,0.371,0.619,40557,67658
NC,Buncombe,0.615,0.368,98662,59016
NC,Burke,0.289,0.701,13272,32130
NC,Cabarrus,0.453,0.53,54494,63746
NC,Caldwell,0.233,0.758,10146,33009
NC,Camden,0.241,0.748,1522,4716
NC,Carteret,0.28,0.71,12813,32508
NC,Caswell,0.373,0.618,4493,7445
NC,Catawba,0.305,0.684,26569,59577
NC,Chatham,0.555,0.43,29014,22507
NC,Cherokee,0.207,0.779,3686,13883
NC,Chowan,0.383,0.607,2895,4587
NC,Clay,0.246,0.745,1899,5761
NC,Cleveland,0.321,0.67,16603,34654
NC,Columbus,0.328,0.666,8648,17592
NC,Craven,0.392,0.596,22011,33477
NC,Cumberland,0.56,0.426,78631,59840
NC,Currituck,0.255,0.733,4604,13235
NC,Dare,0.4,0.587,10074,14792
NC,Davidson,0.258,0.727,24150,67959
NC,Davie,0.26,0.722,6988,19398
NC,Duplin,0.352,0.641,8057,14677
NC,Durham,0.798,0.182,144450,32853
NC,Edgecombe,0.609,0.383,14900,9355
NC,Forsyth,0.558,0.426,114145,87292
NC,Franklin,0.426,0.561,18167,23938
NC,Gaston,0.369,0.619,44062,73828
NC,Gates,0.386,0.603,2268,3538
NC,Graham,0.176,0.813,839,3883
NC,Granville,0.447,0.541,14365,17383
NC,Greene,0.407,0.588,3437,4965
NC,Guilford,0.6,0.383,171118,109077
NC,Halifax,0.585,0.408,14014,9778
NC,Harnett,0.368,0.619,23472,39440
NC,Haywood,0.367,0.618,13913,23393
NC,Henderson,0.42,0.564,29361,39497
NC,Hertford,0.629,0.362,6191,3561
NC,Hoke,0.523,0.463,11896,10547
NC,Hyde,0.385,0.605,931,1465
NC,Iredell,0.331,0.657,36739,72801
NC,Jackson,0.444,0.537,9746,11796
NC,Johnston,0.386,0.601,48116,74878
NC,Jones,0.367,0.624,2007,3409
NC,Lee,0.407,0.581,12245,17489
NC,Lenoir,0.462,0.53,12700,14564
NC,Lincoln,0.267,0.723,14842,40183
NC,Macon,0.304,0.683,6675,14981
NC,Madison,0.374,0.607,5090,8275
NC,Martin,0.445,0.548,5360,6601
NC,McDowell,0.25,0.741,5911,17520
NC,Mecklenburg,0.652,0.325,376454,187770
NC,Mitchell,0.216,0.774,1915,6843
NC,Montgomery,0.307,0.685,4055,9044
NC,Moore,0.347,0.641,21436,39617
NC,Nash,0.486,0.504,25508,26431
NC,New Hanover,0.496,0.49,68814,67949
NC,Northampton,0.568,0.424,5239,3905
NC,Onslow,0.314,0.673,25684,54960
NC,Orange,0.745,0.237,65444,20806
NC,Pamlico,0.335,0.656,2676,5229
NC,Pasquotank,0.469,0.518,9549,10537
NC,Pender,0.32,0.669,12460,26042
NC,Perquimans,0.296,0.688,2269,5278
NC,Person,0.376,0.613,8295,13509
NC,Pitt,0.523,0.464,45595,40403
NC,Polk,0.369,0.62,4827,8107
NC,Randolph,0.21,0.781,15951,59357
NC,Richmond,0.392,0.6,7787,11931
NC,Robeson,0.358,0.634,16728,29647
NC,Rockingham,0.316,0.674,15676,33447
NC,Rowan,0.316,0.674,23788,50807
NC,Rutherford,0.257,0.734,8914,25456
NC,Sampson,0.347,0.645,9797,18178
NC,Scotland,0.462,0.531,6754,7767
NC,Stanly,0.242,0.75,8881,27518
NC,Stokes,0.198,0.793,5380,21548
NC,Surry,0.23,0.762,8613,28565
NC,Swain,0.375,0.611,2643,4311
NC,Transylvania,0.432,0.553,8972,11492
NC,Tyrrell,0.387,0.602,680,1057
NC,Union,0.367,0.619,51168,86271
NC,Vance,0.562,0.429,11292,8614
NC,Wake,0.617,0.362,402984,236735
NC,Warren,0.586,0.397,5872,3976
NC,Washington,0.528,0.466,3138,2768
NC,Watauga,0.52,0.461,17225,15254
NC,Wayne,0.413,0.577,22618,31580
NC,Wilkes,0.198,0.793,7194,28812
NC,Wilson,0.497,0.493,19909,19750
NC,Yadkin,0.183,0.806,3739,16439
NC,Yancey,0.322,0.666,3635,7509
ND,Adams,0.179,0.801,215,962
ND,Barnes,0.311,0.661,1661,3531
ND,Benson,0.397,0.581,795,1163
ND,Billings,0.144,0.839,93,543
ND,Bottineau,0.213,0.762,735,2628
ND,Bowman,0.128,0.855,207,1384
ND,Burke,0.123,0.861,130,909
ND,Burleigh,0.272,0.7,14215,36595
ND,Cass,0.444,0.527,40304,47873
ND,Cavalier,0.247,0.735,491,1461
ND,Dickey,0.227,0.746,557,1829
ND,Divide,0.211,0.761,253,914
ND,Dunn,0.148,0.837,332,1877
ND,Eddy,0.262,0.715,316,862
ND,Emmons,0.106,0.879,205,1697
ND,Foster,0.197,0.779,335,1326
ND,Golden Valley,0.123,0.855,122,847
ND,Grand Forks,0.397,0.577,12469,18123
ND,Grant,0.157,0.824,205,1076
ND,Griggs,0.234,0.747,301,963
ND,Hettinger,0.147,0.834,192,1089
ND,Kidder,0.17,0.813,238,1137
ND,LaMoure,0.213,0.76,453,1614
ND,Logan,0.113,0.869,117,898
ND,McHenry,0.174,0.808,479,2223
ND,McIntosh,0.165,0.814,229,1132
ND,McKenzie,0.147,0.838,809,4627
ND,McLean,0.202,0.78,1093,4231
ND,Mercer,0.148,0.834,672,3798
ND,Morton,0.22,0.754,3748,12839
ND,Mountrail,0.276,0.706,1125,2877
ND,Nelson,0.329,0.648,580,1141
ND,Oliver,0.144,0.836,156,909
ND,Pembina,0.226,0.755,704,2350
ND,Pierce,0.223,0.758,439,1493
ND,Ramsey,0.289,0.689,1513,3609
ND,Ransom,0.347,0.627,920,1661
ND,Renville,0.148,0.822,179,993
ND,Richland,0.299,0.675,2473,5576
ND,Rolette,0.63,0.35,2567,1427
ND,Sargent,0.324,0.649,663,1325
ND,Sheridan,0.133,0.851,101,644
ND,Sioux,0.686,0.299,654,285
ND,Slope,0.085,0.902,33,351
ND,Stark,0.164,0.816,2473,12323
ND,Steele,0.361,0.613,367,622
ND,Stutsman,0.266,0.709,2692,7185
ND,Towner,0.259,0.715,289,796
ND,Traill,0.33,0.644,1359,2650
ND,Walsh,0.261,0.709,1173,3186
ND,Ward,0.253,0.723,7215,20635
ND,Wells,0.18,0.805,405,1815
ND,Williams,0.151,0.827,2276,12501
OH,Adams,0.169,0.826,2098,10269
OH,Allen,0.275,0.716,12754,33201
OH,Ashland,0.245,0.745,6544,19863
OH,Ashtabula,0.354,0.638,15345,27656
OH,Athens,0.548,0.441,14134,11369
OH,Auglaize,0.173,0.819,4442,20988
OH,Belmont,0.26,0.733,8080,22758
OH,Brown,0.19,0.804,4069,17257
OH,Butler,0.364,0.627,66713,114831
OH,Carroll,0.222,0.77,3071,10634
OH,Champaign,0.241,0.749,4944,15334
OH,Clark,0.348,0.643,21847,40403
OH,Clermont,0.317,0.674,36130,76964
OH,Clinton,0.223,0.769,4633,15984
OH,Columbiana,0.251,0.741,12064,35607
OH,Coshocton,0.235,0.757,3835,12362
OH,Crawford,0.231,0.761,4683,15402
OH,Cuyahoga,0.653,0.338,376384,195164
OH,Darke,0.17,0.823,4583,22234
OH,Defiance,0.296,0.694,5667,13302
OH,Delaware,0.462,0.528,61657,70448
OH,Erie,0.424,0.566,16871,22493
OH,Fairfield,0.375,0.616,31695,51999
OH,Fayette,0.221,0.772,2773,9706
OH,Franklin,0.636,0.352,380518,210830
OH,Fulton,0.284,0.708,6374,15893
OH,Gallia,0.199,0.793,2592,10314
OH,Geauga,0.375,0.616,20604,33844
OH,Greene,0.395,0.593,35575,53399
OH,Guernsey,0.236,0.756,4154,13314
OH,Hamilton,0.569,0.42,233360,172365
OH,Hancock,0.302,0.687,11467,26052
OH,Hardin,0.222,0.769,2863,9911
OH,Harrison,0.219,0.771,1559,5484
OH,Henry,0.262,0.729,3905,10873
OH,Highland,0.18,0.814,3609,16269
OH,Hocking,0.275,0.717,3704,9679
OH,Holmes,0.15,0.842,1854,10384
OH,Huron,0.275,0.716,7496,19484
OH,Jackson,0.207,0.787,2953,11249
OH,Jefferson,0.275,0.714,8592,22317
OH,Knox,0.271,0.72,8698,23112
OH,Lake,0.424,0.567,54484,72924
OH,Lawrence,0.244,0.749,6514,20013
OH,Licking,0.345,0.645,32832,61359
OH,Logan,0.215,0.777,5027,18182
OH,Lorain,0.467,0.524,74207,83297
OH,Lucas,0.558,0.432,106320,82398
OH,Madison,0.276,0.713,5713,14737
OH,Mahoning,0.449,0.543,50636,61249
OH,Marion,0.289,0.702,7902,19219
OH,Medina,0.372,0.619,39771,66308
OH,Meigs,0.212,0.781,2202,8127
OH,Mercer,0.163,0.83,3865,19710
OH,Miami,0.27,0.721,15969,42677
OH,Monroe,0.197,0.794,1336,5396
OH,Montgomery,0.497,0.493,126767,125566
OH,Morgan,0.23,0.762,1560,5168
OH,Morrow,0.217,0.775,4100,14609
OH,Muskingum,0.276,0.716,10874,28147
OH,Noble,0.173,0.82,1069,5050
OH,Ottawa,0.37,0.621,8866,14872
OH,Paulding,0.214,0.776,1987,7203
OH,Perry,0.224,0.769,3800,13062
OH,Pickaway,0.253,0.738,7397,21607
OH,Pike,0.229,0.765,2793,9352
OH,Portage,0.418,0.573,34759,47681
OH,Preble,0.2,0.792,4343,17146
OH,Putnam,0.152,0.839,2996,16576
OH,Richland,0.284,0.708,16591,41298
OH,Ross,0.299,0.692,9846,22801
OH,Sandusky,0.341,0.65,10139,19311
OH,Scioto,0.257,0.737,8021,22978
OH,Seneca,0.307,0.682,7765,17241
OH,Shelby,0.172,0.82,4350,20740
OH,Stark,0.386,0.605,71090,111478
OH,Summit,0.53,0.46,145005,125910
OH,Trumbull,0.412,0.58,39758,55983
OH,Tuscarawas,0.28,0.712,12032,30652
OH,Union,0.347,0.643,12934,23982
OH,Van Wert,0.204,0.789,3000,11616
OH,Vinton,0.204,0.79,1169,4531
OH,Warren,0.337,0.653,47128,91132
OH,Washington,0.277,0.715,8600,22161
OH,Wayne,0.299,0.692,15898,36764
OH,Williams,0.254,0.737,4644,13461
OH,Wood,0.444,0.546,30016,36877
OH,Wyandot,0.24,0.752,2731,8564
OK,Adair,0.178,0.808,1289,5860
OK,Alfalfa,0.109,0.875,236,1891
OK,Atoka,0.138,0.853,779,4832
OK,Beaver,0.074,0.912,158,1938
OK,Beckham,0.142,0.843,1093,6474
OK,Blaine,0.177,0.807,671,3054
OK,Bryan,0.2,0.786,3569,13999
OK,Caddo,0.254,0.725,2414,6886
OK,Canadian,0.288,0.692,21038,50551
OK,Carter,0.219,0.767,4277,14945
OK,Cherokee,0.327,0.653,5826,11637
OK,Choctaw,0.167,0.822,944,4633
OK,Cimarron,0.071,0.92,66,860
OK,Cleveland,0.414,0.564,49432,67225
OK,Coal,0.136,0.849,345,2155
OK,Comanche,0.374,0.607,12823,20823
OK,Cotton,0.156,0.825,392,2067
OK,Craig,0.2,0.783,1212,4740
OK,Creek,0.212,0.77,6643,24098
OK,Custer,0.224,0.756,2279,7693
OK,Delaware,0.192,0.796,3475,14407
OK,Dewey,0.094,0.896,209,1984
OK,Ellis,0.109,0.875,197,1585
OK,Garfield,0.222,0.759,4849,16593
OK,Garvin,0.164,0.825,1802,9063
OK,Grady,0.179,0.806,4536,20378
OK,Grant,0.139,0.844,295,1794
OK,Greer,0.165,0.823,304,1511
OK,Harmon,0.187,0.804,165,709
OK,Harper,0.101,0.885,147,1284
OK,Haskell,0.145,0.842,718,4156
OK,Hughes,0.178,0.804,831,3744
OK,Jackson,0.199,0.782,1602,6295
OK,Jefferson,0.134,0.851,319,2020
OK,Johnston,0.162,0.818,684,3462
OK,Kay,0.245,0.738,4136,12483
OK,Kingfisher,0.137,0.85,923,5745
OK,Kiowa,0.201,0.784,658,2569
OK,Latimer,0.167,0.823,681,3356
OK,LeFlore,0.17,0.817,3184,15333
OK,Lincoln,0.175,0.808,2712,12495
OK,Logan,0.244,0.735,5901,17748
OK,Love,0.162,0.824,689,3510
OK,Major,0.094,0.888,327,3087
OK,Marshall,0.177,0.812,1169,5348
OK,Mayes,0.203,0.778,3529,13514
OK,McClain,0.188,0.795,4031,17005
OK,McCurtain,0.15,0.839,1696,9485
OK,McIntosh,0.23,0.757,1937,6387
OK,Murray,0.183,0.797,1080,4689
OK,Muskogee,0.304,0.679,7400,16550
OK,Noble,0.204,0.777,1009,3853
OK,Nowata,0.158,0.827,720,3774
OK,Okfuskee,0.214,0.772,854,3080
OK,Oklahoma County,0.48,0.497,138769,143618
OK,Okmulgee,0.277,0.704,3979,10100
OK,Osage,0.284,0.698,5867,14404
OK,Ottawa,0.225,0.76,2511,8490
OK,Pawnee,0.197,0.786,1355,5405
OK,Payne,0.361,0.613,10560,17962
OK,Pittsburg,0.198,0.788,3473,13841
OK,Pontotoc,0.257,0.723,3895,10967
OK,Pottawatomie,0.253,0.727,7266,20915
OK,Pushmataha,0.131,0.856,616,4025
OK,Roger Mills,0.092,0.893,160,1548
OK,Rogers,0.216,0.766,10146,35942
OK,Seminole,0.242,0.74,1951,5951
OK,Sequoyah,0.187,0.802,2907,12491
OK,Stephens,0.174,0.811,3236,15092
OK,Texas,0.152,0.83,793,4319
OK,Tillman,0.197,0.792,500,2006
OK,Tulsa,0.413,0.565,106105,145241
OK,Wagoner,0.242,0.74,9330,28487
OK,Washington,0.25,0.727,5793,16836
OK,Washita,0.118,0.866,551,4030
OK,Woods,0.169,0.812,614,2955
OK,Woodward,0.132,0.852,967,6231
OR,Baker,0.242,0.728,2343,7060
OR,Benton,0.675,0.282,33909,14187
OR,Clackamas,0.53,0.432,130580,106387
OR,Clatsop,0.538,0.426,12533,9913
OR,Columbia,0.411,0.55,12895,17227
OR,Coos,0.384,0.583,13731,20849
OR,Crook,0.235,0.737,3836,12012
OR,Curry,0.404,0.563,5737,8000
OR,Deschutes,0.535,0.431,68108,54850
OR,Douglas,0.297,0.672,18386,41561
OR,Gilliam,0.257,0.71,291,805
OR,Grant,0.183,0.783,816,3490
OR,Harney,0.187,0.777,797,3307
OR,Hood River,0.658,0.303,8364,3854
OR,Jackson,0.452,0.516,54065,61743
OR,Jefferson,0.335,0.634,3941,7454
OR,Josephine,0.341,0.627,16928,31129
OR,Klamath,0.277,0.695,9856,24675
OR,Lake,0.162,0.812,681,3421
OR,Lane,0.595,0.366,125775,77376
OR,Lincoln,0.574,0.391,17112,11645
OR,Linn,0.36,0.603,25749,43078
OR,Malheur,0.263,0.704,2884,7710
OR,Marion,0.472,0.492,73970,77089
OR,Morrow,0.24,0.72,1138,3408
OR,Multnomah,0.787,0.171,325927,70759
OR,Polk,0.463,0.499,22034,23768
OR,Sherman,0.2,0.765,233,890
OR,Tillamook,0.477,0.49,7747,7971
OR,Umatilla,0.296,0.672,9251,20973
OR,Union,0.282,0.682,4107,9942
OR,Wallowa,0.308,0.659,1573,3366
OR,Wasco,0.453,0.511,6069,6837
OR,Washington,0.648,0.311,193013,92590
OR,Wheeler,0.242,0.712,210,618
OR,Yamhill,0.45,0.511,26011,29536
PA,Adams,0.327,0.664,19842,40248
PA,Allegheny,0.597,0.394,429916,283595
PA,Armstrong,0.23,0.762,8553,28296
PA,Beaver,0.392,0.599,37196,56837
PA,Bedford,0.154,0.84,4336,23658
PA,Berks,0.434,0.556,91125,116677
PA,Blair,0.279,0.714,18127,46352
PA,Bradford,0.256,0.735,7990,22937
PA,Bucks,0.495,0.495,198431,198722
PA,Butler,0.335,0.657,40661,79773
PA,Cambria,0.298,0.694,21177,49408
PA,Cameron,0.242,0.745,538,1654
PA,Carbon,0.322,0.67,11394,23708
PA,Centre,0.509,0.48,41119,38829
PA,Chester,0.567,0.423,184281,137299
PA,Clarion,0.231,0.762,4562,15036
PA,Clearfield,0.239,0.754,9647,30481
PA,Clinton,0.291,0.7,5395,12965
PA,Columbia,0.34,0.65,11083,21190
PA,Crawford,0.3,0.692,12858,29685
PA,Cumberland,0.446,0.541,66255,80267
PA,Dauphin,0.524,0.465,78327,69474
PA,Delaware,0.613,0.376,201324,123421
PA,Elk,0.261,0.731,4483,12543
PA,Erie,0.49,0.5,67456,68866
PA,Fayette,0.308,0.687,19548,43633
PA,Forest,0.273,0.718,724,1902
PA,Franklin,0.281,0.711,23543,59604
PA,Fulton,0.135,0.861,1102,7039
PA,Greene,0.266,0.715,4592,12319
PA,Huntingdon,0.232,0.761,5368,17627
PA,Indiana,0.301,0.692,12697,29215
PA,Jefferson,0.204,0.788,4707,18235
PA,Juniata,0.189,0.803,2290,9721
PA,Lackawanna,0.51,0.483,59510,56261
PA,Lancaster,0.415,0.575,120119,166261
PA,Lawrence,0.328,0.665,15440,31347
PA,Lebanon,0.336,0.655,24734,48282
PA,Lehigh,0.507,0.481,96317,91207
PA,Luzerne,0.4,0.592,62504,92444
PA,Lycoming,0.288,0.703,17216,41961
PA,McKean,0.26,0.732,5115,14401
PA,Mercer,0.345,0.646,20145,37761
PA,Mifflin,0.214,0.779,4735,17184
PA,Monroe,0.491,0.499,42007,42676
PA,Montgomery,0.609,0.38,317103,198311
PA,Montour,0.39,0.6,3862,5944
PA,Northampton,0.486,0.504,86655,89817
PA,Northumberland,0.295,0.695,12863,30240
PA,Perry,0.248,0.741,6385,19073
PA,Philadelphia,0.788,0.2,568571,144311
PA,Pike,0.376,0.616,13132,21537
PA,Potter,0.184,0.807,1675,7334
PA,Schuylkill,0.285,0.706,20882,51665
PA,Snyder,0.261,0.732,5239,14664
PA,Somerset,0.21,0.783,8596,31993
PA,Sullivan,0.262,0.731,976,2721
PA,Susquehanna,0.272,0.719,6093,16114
PA,Tioga,0.236,0.754,5100,16272
PA,Union,0.378,0.612,8015,12969
PA,Venango,0.285,0.706,7624,18883
PA,Warren,0.3,0.692,6212,14345
PA,Washington,0.369,0.624,44910,75929
PA,Wayne,0.311,0.682,9150,20071
PA,Westmoreland,0.354,0.638,74904,135008
PA,Wyoming,0.311,0.679,4680,10222
PA,York,0.369,0.621,91926,154884
RI,Barrington,0.697,0.27,7389,2865
RI,Bristol,0.567,0.406,6590,4721
RI,Burrillville,0.362,0.616,3158,5378
RI,Central Falls,0.634,0.343,2335,1265
RI,Charlestown,0.535,0.439,2867,2350
RI,Coventry,0.424,0.552,8624,11222
RI,Cranston,0.519,0.457,21168,18638
RI,Cumberland,0.52,0.452,10101,8771
RI,East Greenwich,0.595,0.375,5089,3203
RI,East Providence,0.598,0.377,13750,8663
RI,Exeter,0.459,0.509,1870,2075
RI,Foster,0.378,0.597,1113,1760
RI,Glocester,0.387,0.593,2470,3781
RI,Hopkinton,0.453,0.523,2262,2610
RI,Jamestown,0.673,0.297,2657,1171
RI,Johnston,0.395,0.586,6205,9212
RI,Lincoln,0.497,0.476,6268,6001
RI,Little Compton,0.593,0.38,1518,974
RI,Middletown,0.619,0.353,4968,2832
RI,Narragansett,0.555,0.42,5051,3823
RI,New Shoreham,0.762,0.204,661,177
RI,Newport,0.699,0.274,7102,2784
RI,North Kingstown,0.584,0.384,10145,6673
RI,North Providence,0.523,0.456,8550,7461
RI,North Smithfield,0.464,0.512,3343,3692
RI,Pawtucket,0.646,0.325,15934,8003
RI,Portsmouth,0.593,0.376,6347,4029
RI,Providence,0.736,0.23,41481,12971
RI,Richmond,0.469,0.501,2331,2493
RI,Scituate,0.38,0.596,2538,3983
RI,Smithfield,0.447,0.529,5254,6214
RI,South Kingstown,0.644,0.322,10749,5382
RI,Tiverton,0.515,0.46,4740,4237
RI,Warren,0.569,0.403,3479,2462
RI,Warwick,0.526,0.448,24186,20602
RI,West Greenwich,0.386,0.591,1573,2413
RI,West Warwick,0.479,0.499,6797,7086
RI,Westerly,0.527,0.449,6653,5664
RI,Woonsocket,0.481,0.497,6434,6650
SC,Abbeville,0.282,0.706,3399,8509
SC,Aiken,0.364,0.622,31298,53592
SC,Allendale,0.716,0.269,2165,813
SC,Anderson,0.257,0.731,25281,71828
SC,Bamberg,0.57,0.417,3245,2376
SC,Barnwell,0.416,0.572,4082,5605
SC,Beaufort,0.421,0.566,44002,59123
SC,Berkeley,0.411,0.574,46416,64777
SC,Calhoun,0.422,0.565,3339,4474
SC,Charleston,0.519,0.463,111427,99265
SC,Cherokee,0.239,0.753,5939,18697
SC,Chester,0.408,0.58,6353,9030
SC,Chesterfield,0.355,0.635,6520,11682
SC,Clarendon,0.433,0.555,7064,9065
SC,Colleton,0.404,0.585,7376,10696
SC,Darlington,0.428,0.561,12977,17017
SC,Dillon,0.442,0.55,5241,6526
SC,Dorchester,0.418,0.564,32489,43839
SC,Edgefield,0.335,0.653,4659,9092
SC,Fairfield,0.56,0.427,6277,4792
SC,Florence,0.453,0.533,27706,32615
SC,Georgetown,0.396,0.591,14965,22326
SC,Greenville,0.38,0.602,100074,158541
SC,Greenwood,0.349,0.638,10766,19715
SC,Hampton,0.526,0.462,4328,3801
SC,Horry,0.303,0.688,62325,141719
SC,Jasper,0.447,0.543,8144,9900
SC,Kershaw,0.352,0.635,11826,21289
SC,Lancaster,0.37,0.618,20146,33623
SC,Laurens,0.29,0.699,8769,21110
SC,Lee,0.558,0.381,4505,3078
SC,Lexington,0.325,0.66,47815,96965
SC,Marion,0.546,0.441,7316,5906
SC,Marlboro,0.506,0.482,5137,4896
SC,McCormick,0.408,0.579,2513,3565
SC,Newberry,0.322,0.666,5841,12067
SC,Oconee,0.236,0.752,9987,31772
SC,Orangeburg,0.618,0.372,22832,13750
SC,Pickens,0.23,0.756,13891,45728
SC,Richland,0.664,0.318,121110,58019
SC,Saluda,0.272,0.716,2454,6452
SC,Spartanburg,0.326,0.662,50710,103032
SC,Sumter,0.519,0.47,23425,21215
SC,Union,0.332,0.659,4084,8102
SC,Williamsburg,0.603,0.385,8634,5524
SC,York,0.397,0.588,59600,88239
SD,Aurora,0.217,0.758,302,1056
SD,Beadle,0.288,0.688,2017,4826
SD,Bennett,0.358,0.621,389,676
SD,Bon Homme,0.233,0.747,697,2236
SD,Brookings,0.4,0.574,5978,8575
SD,Brown,0.356,0.625,6075,10645
SD,Brule,0.275,0.699,666,1694
SD,Buffalo,0.624,0.352,291,164
SD,Butte,0.185,0.792,942,4024
SD,Campbell,0.144,0.844,120,706
SD,Charles Mix,0.277,0.706,1000,2551
SD,Clark,0.225,0.75,415,1382
SD,Clay,0.52,0.455,2944,2574
SD,Codington,0.284,0.692,3840,9349
SD,Corson,0.433,0.552,495,631
SD,Custer,0.261,0.719,1567,4313
SD,Davison,0.299,0.676,2743,6208
SD,Day,0.341,0.64,1000,1876
SD,Deuel,0.23,0.747,528,1717
SD,Dewey,0.551,0.424,1032,793
SD,Douglas,0.132,0.856,219,1419
SD,Edmunds,0.189,0.797,384,1618
SD,Fall River,0.241,0.734,1030,3135
SD,Faulk,0.162,0.814,183,920
SD,Grant,0.261,0.714,946,2594
SD,Gregory,0.188,0.789,426,1790
SD,Haakon,0.093,0.892,105,1004
SD,Hamlin,0.189,0.794,610,2560
SD,Hand,0.207,0.78,365,1376
SD,Hanson,0.195,0.787,399,1611
SD,Harding,0.059,0.919,48,754
SD,Hughes,0.336,0.638,2838,5379
SD,Hutchinson,0.202,0.781,755,2918
SD,Hyde,0.213,0.762,148,530
SD,Jackson,0.316,0.667,357,753
SD,Jerauld,0.276,0.709,276,708
SD,Jones,0.109,0.867,60,477
SD,Kingsbury,0.271,0.71,760,1989
SD,Lake,0.335,0.646,1978,3819
SD,Lawrence,0.329,0.643,5074,9904
SD,Lincoln,0.357,0.622,12981,22621
SD,Lyman,0.292,0.686,422,993
SD,Marshall,0.371,0.611,782,1288
SD,McCook,0.242,0.735,733,2227
SD,McPherson,0.145,0.837,188,1087
SD,Meade,0.233,0.742,3421,10887
SD,Mellette,0.385,0.586,285,434
SD,Miner,0.251,0.721,293,841
SD,Minnehaha,0.425,0.552,39923,51842
SD,Moody,0.33,0.648,1052,2068
SD,Oglala Lakota,0.838,0.133,2567,406
SD,Pennington,0.354,0.619,20051,35009
SD,Perkins,0.143,0.843,228,1342
SD,Potter,0.165,0.816,214,1059
SD,Roberts,0.376,0.606,1560,2514
SD,Sanborn,0.214,0.767,259,929
SD,Spink,0.293,0.683,921,2145
SD,Stanley,0.258,0.726,447,1260
SD,Sully,0.186,0.795,168,716
SD,Todd,0.738,0.234,1570,497
SD,Tripp,0.177,0.81,470,2150
SD,Turner,0.23,0.743,1044,3374
SD,Union,0.287,0.694,2548,6160
SD,Walworth,0.195,0.787,481,1940
SD,Yankton,0.358,0.614,3883,6650
SD,Ziebach,0.469,0.497,366,388
TN,Anderson,0.315,0.673,11525,24582
TN,Bedford,0.205,0.785,4122,15772
TN,Benton,0.181,0.811,1317,5886
TN,Bledsoe,0.144,0.849,891,5254
TN,Blount,0.255,0.732,17664,50699
TN,Bradley,0.2,0.789,9852,38836
TN,Campbell,0.148,0.845,2305,13115
TN,Cannon,0.165,0.826,1132,5682
TN,Carroll,0.188,0.803,2233,9547
TN,Carter,0.179,0.811,4454,20167
TN,Cheatham,0.263,0.723,5464,14987
TN,Chester,0.17,0.819,1286,6206
TN,Claiborne,0.146,0.847,1971,11463
TN,Clay,0.163,0.829,614,3117
TN,Cocke,0.154,0.837,2415,13105
TN,Coffee,0.218,0.769,5440,19174
TN,Crockett,0.202,0.789,1196,4674
TN,Cumberland,0.202,0.791,6996,27399
TN,Davidson,0.627,0.353,181862,102256
TN,Decatur,0.15,0.841,819,4596
TN,DeKalb,0.182,0.809,1706,7599
TN,Dickson,0.235,0.754,5913,19002
TN,Dyer,0.188,0.806,2707,11603
TN,Fayette,0.284,0.707,6720,16756
TN,Fentress,0.118,0.876,1149,8555
TN,Franklin,0.23,0.761,4529,15016
TN,Gibson,0.236,0.755,5100,16346
TN,Giles,0.221,0.771,2974,10394
TN,Grainger,0.129,0.865,1432,9630
TN,Greene,0.165,0.823,5145,25586
TN,Grundy,0.15,0.843,948,5334
TN,Hamblen,0.201,0.79,5132,20154
TN,Hamilton,0.427,0.557,74437,97195
TN,Hancock,0.115,0.88,334,2558
TN,Hardeman,0.375,0.616,3527,5793
TN,Hardin,0.141,0.851,1704,10293
TN,Hawkins,0.152,0.84,3987,22066
TN,Haywood,0.498,0.494,3311,3286
TN,Henderson,0.158,0.837,1902,10083
TN,Henry,0.218,0.771,3286,11629
TN,Hickman,0.191,0.802,1968,8265
TN,Houston,0.203,0.785,773,2989
TN,Humphreys,0.214,0.774,1767,6400
TN,Jackson,0.183,0.808,1040,4586
TN,Jefferson,0.174,0.816,4503,21068
TN,Johnson,0.15,0.843,1212,6829
TN,Knox,0.394,0.59,87516,130815
TN,Lake,0.221,0.77,429,1493
TN,Lauderdale,0.311,0.681,2571,5633
TN,Lawrence,0.15,0.841,2939,16429
TN,Lewis,0.168,0.824,991,4852
TN,Lincoln,0.172,0.819,2782,13208
TN,Loudon,0.23,0.76,7625,25226
TN,Macon,0.123,0.867,1277,8958
TN,Madison,0.403,0.585,16115,23385
TN,Marion,0.217,0.774,3026,10788
TN,Marshall,0.212,0.778,3390,12426
TN,Maury,0.272,0.718,14145,37376
TN,McMinn,0.175,0.817,4207,19673
TN,McNairy,0.153,0.838,1727,9437
TN,Meigs,0.159,0.834,968,5085
TN,Monroe,0.162,0.83,3608,18526
TN,Montgomery,0.4,0.585,32736,47795
TN,Moore,0.148,0.837,542,3060
TN,Morgan,0.123,0.868,1054,7427
TN,Obion,0.172,0.821,2221,10596
TN,Overton,0.174,0.817,1931,9042
TN,Perry,0.15,0.845,558,3139
TN,Pickett,0.165,0.826,487,2441
TN,Polk,0.155,0.837,1356,7302
TN,Putnam,0.257,0.731,8991,25554
TN,Rhea,0.16,0.829,2312,11974
TN,Roane,0.222,0.766,6073,21011
TN,Robertson,0.24,0.749,8428,26260
TN,Rutherford,0.384,0.601,56656,88811
TN,Scott,0.098,0.896,942,8608
TN,Sequatchie,0.164,0.827,1292,6522
TN,Sevier,0.189,0.801,8322,35207
TN,Shelby,0.618,0.364,201759,118917
TN,Smith,0.171,0.82,1595,7655
TN,Stewart,0.175,0.814,1160,5389
TN,Sullivan,0.22,0.77,16624,58154
TN,Sumner,0.285,0.703,27874,68767
TN,Tipton,0.231,0.759,6178,20303
TN,Trousdale,0.201,0.79,856,3359
TN,Unicoi,0.185,0.805,1578,6876
TN,Union,0.14,0.852,1216,7384
TN,Van Buren,0.16,0.832,524,2718
TN,Warren,0.214,0.775,3647,13192
TN,Washington,0.296,0.691,18131,42299
TN,Wayne,0.112,0.881,762,6016
TN,Weakley,0.203,0.787,2725,10541
TN,White,0.163,0.829,2105,10717
TN,Williamson,0.33,0.654,47695,94562
TN,Wilson,0.294,0.694,23855,56425
TX,Anderson,0.188,0.806,3635,15597
TX,Andrews,0.133,0.859,806,5205
TX,Angelina,0.237,0.757,8146,26049
TX,Aransas,0.217,0.774,2831,10090
TX,Archer,0.101,0.895,520,4592
TX,Armstrong,0.069,0.928,77,1029
TX,Atascosa,0.279,0.713,5153,13142
TX,Austin,0.183,0.81,2816,12457
TX,Bailey,0.191,0.801,332,1395
TX,Bandera,0.186,0.804,2532,10939
TX,Bastrop,0.402,0.585,15989,23301
TX,Baylor,0.11,0.878,184,1471
TX,Bee,0.296,0.695,2606,6111
TX,Bell,0.413,0.575,53973,75161
TX,Bexar,0.542,0.445,411389,337545
TX,Blanco,0.231,0.756,1973,6447
TX,Borden,0.041,0.956,16,370
TX,Bosque,0.159,0.832,1524,7969
TX,Bowie,0.253,0.74,9282,27122
TX,Brazoria,0.395,0.592,63976,95867
TX,Brazos,0.368,0.616,33844,56671
TX,Brewster,0.43,0.556,1969,2545
TX,Briscoe,0.097,0.894,72,666
TX,Brooks,0.545,0.448,1308,1077
TX,Brown,0.126,0.866,2132,14593
TX,Burleson,0.182,0.81,1705,7590
TX,Burnet,0.217,0.774,6114,21795
TX,Caldwell,0.422,0.566,6618,8880
TX,Calhoun,0.237,0.758,1853,5939
TX,Callahan,0.109,0.884,761,6180
TX,Cameron,0.467,0.525,54258,60991
TX,Camp,0.229,0.765,1201,4011
TX,Carson,0.091,0.902,290,2866
TX,Cass,0.17,0.827,2406,11693
TX,Castro,0.207,0.788,418,1594
TX,Chambers,0.168,0.823,4192,20567
TX,Cherokee,0.183,0.809,3744,16593
TX,Childress,0.116,0.876,263,1991
TX,Clay,0.099,0.895,584,5288
TX,Cochran,0.166,0.823,148,735
TX,Coke,0.099,0.895,179,1623
TX,Coleman,0.103,0.893,428,3712
TX,Collin,0.431,0.542,222115,279534
TX,Collingsworth,0.112,0.888,135,1066
TX,Colorado,0.211,0.783,2108,7824
TX,Comal,0.267,0.722,27680,74756
TX,Comanche,0.127,0.868,834,5679
TX,Concho,0.128,0.866,153,1038
TX,Cooke,0.162,0.83,3310,16975
TX,Coryell,0.291,0.697,6959,16688
TX,Cottle,0.135,0.86,89,565
TX,Crane,0.134,0.86,186,1195
TX,Crockett,0.228,0.767,323,1087
TX,Crosby,0.24,0.753,451,1416
TX,Culberson,0.408,0.577,319,451
TX,Dallam,0.105,0.888,152,1285
TX,Dallas,0.601,0.38,511118,322569
TX,Dawson,0.19,0.8,667,2810
TX,Deaf Smith,0.238,0.754,1019,3233
TX,Delta,0.149,0.847,397,2250
TX,Denton,0.426,0.558,191503,250521
TX,DeWitt,0.162,0.833,1270,6515
TX,Dickens,0.147,0.85,146,844
TX,Dimmit,0.515,0.482,1765,1653
TX,Donley,0.102,0.883,174,1512
TX,Duval,0.449,0.547,2003,2439
TX,Eastland,0.11,0.884,918,7397
TX,Ector,0.232,0.761,9881,32429
TX,Edwards,0.132,0.865,133,869
TX,El Paso,0.569,0.418,143156,105124
TX,Ellis,0.34,0.65,33850,64763
TX,Erath,0.156,0.836,2871,15349
TX,Falls,0.273,0.72,1713,4520
TX,Fannin,0.159,0.832,2607,13648
TX,Fayette,0.189,0.802,2515,10699
TX,Fisher,0.18,0.813,330,1487
TX,Floyd,0.171,0.821,358,1715
TX,Foard,0.169,0.822,92,448
TX,Fort Bend,0.495,0.479,179310,173592
TX,Franklin,0.153,0.842,813,4473
TX,Freestone,0.166,0.829,1499,7500
TX,Frio,0.374,0.619,1848,3060
TX,Gaines,0.084,0.91,538,5840
TX,Galveston,0.357,0.631,56732,100295
TX,Garza,0.133,0.859,213,1374
TX,Gillespie,0.192,0.8,3160,13202
TX,Glasscock,0.057,0.94,38,623
TX,Goliad,0.195,0.797,778,3178
TX,Gonzales,0.223,0.771,1729,5981
TX,Gray,0.111,0.883,845,6691
TX,Grayson,0.225,0.767,14800,50556
TX,Gregg,0.284,0.707,13294,33026
TX,Grimes,0.195,0.797,2734,11197
TX,Guadalupe,0.347,0.642,29573,54691
TX,Hale,0.205,0.784,1903,7283
TX,Hall,0.13,0.863,149,992
TX,Hamilton,0.14,0.853,625,3809
TX,Hansford,0.073,0.921,146,1842
TX,Hardeman,0.134,0.861,188,1210
TX,Hardin,0.119,0.877,3347,24691
TX,Harris,0.519,0.464,808771,722695
TX,Harrison,0.244,0.749,7369,22658
TX,Hartley,0.081,0.914,163,1843
TX,Haskell,0.139,0.854,313,1918
TX,Hays,0.521,0.464,65528,58438
TX,Hemphill,0.118,0.876,190,1412
TX,Henderson,0.18,0.814,6919,31379
TX,Hidalgo,0.481,0.51,104517,110760
TX,Hill,0.175,0.818,2919,13669
TX,Hockley,0.166,0.828,1323,6616
TX,Hood,0.166,0.825,6070,30174
TX,Hopkins,0.174,0.82,2917,13754
TX,Houston,0.22,0.774,2065,7247
TX,Howard,0.182,0.811,1759,7817
TX,Hudspeth,0.265,0.731,275,759
TX,Hunt,0.219,0.773,10212,36137
TX,Hutchinson,0.111,0.882,913,7273
TX,Irion,0.121,0.877,105,761
TX,Jack,0.086,0.909,363,3819
TX,Jackson,0.143,0.851,907,5386
TX,Jasper,0.165,0.831,2615,13162
TX,Jeff Davis,0.385,0.598,450,699
TX,Jefferson,0.451,0.54,38936,46596
TX,Jim Hogg,0.54,0.457,856,725
TX,Jim Wells,0.42,0.576,5577,7636
TX,Johnson,0.238,0.753,19247,60752
TX,Jones,0.13,0.862,907,5988
TX,Karnes,0.207,0.788,1051,4001
TX,Kaufman,0.356,0.635,24726,44063
TX,Kendall,0.217,0.773,6355,22668
TX,Kenedy,0.259,0.728,41,115
TX,Kent,0.112,0.876,50,390
TX,Kerr,0.224,0.767,6315,21615
TX,Kimble,0.109,0.884,261,2126
TX,King,0.044,0.956,6,129
TX,Kinney,0.244,0.749,346,1063
TX,Kleberg,0.433,0.56,4338,5612
TX,Knox,0.155,0.84,214,1156
TX,Lamar,0.192,0.801,4079,17044
TX,Lamb,0.176,0.818,729,3398
TX,Lampasas,0.197,0.793,2232,8961
TX,LaSalle,0.395,0.6,933,1417
TX,Lavaca,0.118,0.878,1235,9215
TX,Lee,0.195,0.799,1640,6724
TX,Leon,0.114,0.881,1033,7982
TX,Liberty,0.19,0.806,5952,25241
TX,Limestone,0.212,0.78,1921,7081
TX,Lipscomb,0.098,0.893,123,1125
TX,Live Oak,0.149,0.846,761,4307
TX,Llano,0.192,0.8,2613,10902
TX,Loving,0.103,0.887,10,86
TX,Lubbock,0.297,0.692,37148,86547
TX,Lynn,0.145,0.847,371,2175
TX,Madison,0.176,0.819,964,4498
TX,Marion,0.233,0.759,1101,3577
TX,Martin,0.119,0.876,247,1825
TX,Mason,0.172,0.821,434,2076
TX,Matagorda,0.243,0.748,3231,9957
TX,Maverick,0.405,0.59,6373,9285
TX,McCulloch,0.13,0.863,455,3033
TX,McLennan,0.34,0.648,33863,64606
TX,McMullen,0.076,0.92,37,448
TX,Medina,0.282,0.709,6950,17464
TX,Menard,0.163,0.828,170,861
TX,Midland,0.193,0.798,11351,46944
TX,Milam,0.21,0.783,2331,8691
TX,Mills,0.113,0.882,310,2418
TX,Mitchell,0.14,0.853,352,2144
TX,Montague,0.109,0.885,1208,9825
TX,Montgomery,0.268,0.722,82277,221964
TX,Moore,0.16,0.831,860,4458
TX,Morris,0.241,0.753,1312,4092
TX,Motley,0.054,0.942,35,612
TX,Nacogdoches,0.302,0.689,7690,17575
TX,Navarro,0.237,0.756,4708,14983
TX,Newton,0.166,0.832,952,4781
TX,Nolan,0.199,0.791,1020,4048
TX,Nueces,0.438,0.552,53248,67201
TX,Ochiltree,0.089,0.905,269,2723
TX,Oldham,0.076,0.919,74,895
TX,Orange,0.164,0.831,5945,30191
TX,Palo Pinto,0.161,0.832,2143,11093
TX,Panola,0.167,0.83,1905,9500
TX,Parker,0.164,0.827,14872,75168
TX,Parmer,0.147,0.848,368,2123
TX,Pecos,0.27,0.719,1144,3042
TX,Polk,0.202,0.791,4910,19216
TX,Potter,0.272,0.716,8748,23007
TX,Presidio,0.646,0.344,1289,686
TX,Rains,0.133,0.862,869,5649
TX,Randall,0.193,0.797,12935,53314
TX,Reagan,0.149,0.843,141,800
TX,Real,0.161,0.83,315,1625
TX,Red River,0.19,0.808,1103,4682
TX,Reeves,0.311,0.68,1070,2340
TX,Refugio,0.299,0.694,919,2134
TX,Roberts,0.035,0.956,20,547
TX,Robertson,0.236,0.757,1926,6177
TX,Rockwall,0.291,0.699,18092,43542
TX,Runnels,0.111,0.883,452,3580
TX,Rusk,0.2,0.794,4337,17234
TX,Sabine,0.106,0.891,590,4972
TX,San Augustine,0.216,0.778,809,2917
TX,San Jacinto,0.17,0.823,2175,10524
TX,San Patricio,0.314,0.678,8025,17337
TX,San Saba,0.102,0.89,276,2412
TX,Schleicher,0.173,0.818,192,906
TX,Scurry,0.128,0.864,734,4945
TX,Shackelford,0.084,0.906,146,1565
TX,Shelby,0.175,0.821,1741,8164
TX,Sherman,0.055,0.936,48,817
TX,Smith,0.27,0.721,28041,74862
TX,Somervell,0.142,0.849,751,4493
TX,Starr,0.418,0.578,6862,9487
TX,Stephens,0.102,0.896,384,3368
TX,Sterling,0.068,0.927,43,583
TX,Stonewall,0.154,0.844,110,604
TX,Sutton,0.163,0.834,228,1167
TX,Swisher,0.178,0.812,403,1840
TX,Tarrant,0.467,0.518,384501,426626
TX,Taylor,0.246,0.743,13624,41198
TX,Terrell,0.225,0.775,91,314
TX,Terry,0.172,0.823,587,2815
TX,Throckmorton,0.081,0.914,73,823
TX,Titus,0.223,0.77,2275,7861
TX,Tom Green,0.255,0.735,11585,33399
TX,Travis,0.686,0.294,398981,170787
TX,Trinity,0.162,0.832,1195,6136
TX,Tyler,0.13,0.865,1249,8286
TX,Upshur,0.142,0.852,2820,16939
TX,Upton,0.112,0.882,146,1149
TX,Uvalde,0.329,0.663,3218,6482
TX,Val Verde,0.362,0.628,5282,9162
TX,Van Zandt,0.123,0.871,3450,24351
TX,Victoria,0.283,0.708,9998,25010
TX,Walker,0.296,0.696,7461,17515
TX,Waller,0.369,0.62,10183,17077
TX,Ward,0.167,0.827,627,3115
TX,Washington,0.223,0.77,4058,14020
TX,Webb,0.485,0.507,31952,33384
TX,Wharton,0.238,0.756,3910,12439
TX,Wheeler,0.074,0.92,169,2093
TX,Wichita,0.275,0.714,12237,31818
TX,Wilbarger,0.193,0.798,860,3566
TX,Willacy,0.48,0.513,2673,2856
TX,Williamson,0.479,0.503,147766,155310
TX,Wilson,0.229,0.766,6247,20894
TX,Winkler,0.146,0.852,283,1646
TX,Wise,0.147,0.847,5605,32385
TX,Wood,0.148,0.846,3618,20621
TX,Yoakum,0.143,0.852,342,2039
TX,Young,0.116,0.878,962,7298
TX,Zapata,0.385,0.61,1877,2970
TX,Zavala,0.568,0.424,1984,1482
UT,Beaver,0.123,0.866,394,2781
UT,Box Elder,0.182,0.79,5274,22853
UT,Cache,0.311,0.655,18718,39457
UT,Carbon,0.267,0.711,2525,6719
UT,Daggett,0.184,0.805,101,443
UT,Davis,0.36,0.608,59895,101293
UT,Duchesne,0.112,0.871,1009,7815
UT,Emery,0.12,0.866,603,4341
UT,Garfield,0.192,0.787,541,2211
UT,Grand,0.533,0.439,2828,2327
UT,Iron,0.204,0.774,5683,21571
UT,Juab,0.113,0.87,734,5671
UT,Kane,0.253,0.73,1137,3277
UT,Millard,0.112,0.87,713,5558
UT,Morgan,0.186,0.784,1256,5300
UT,Piute,0.098,0.887,94,854
UT,Rich,0.148,0.837,214,1211
UT,Salt Lake,0.537,0.435,273658,221555
UT,San Juan,0.408,0.571,2581,3613
UT,Sanpete,0.147,0.823,1906,10653
UT,Sevier,0.113,0.872,1236,9526
UT,Summit,0.565,0.417,14612,10783
UT,Tooele,0.281,0.691,9560,23484
UT,Uintah,0.123,0.859,1952,13599
UT,Utah County,0.285,0.682,84937,203476
UT,Wasatch,0.352,0.626,6459,11495
UT,Washington,0.23,0.752,22327,73165
UT,Wayne,0.231,0.75,381,1238
UT,Weber,0.368,0.603,41238,67549
VT,Addison,0.515,0.443,446,384
VT,Albany,0.511,0.444,283,246
VT,Alburgh,0.462,0.504,498,543
VT,Andover,0.544,0.429,198,156
VT,Arlington,0.59,0.379,888,570
VT,Athens,0.485,0.472,112,109
VT,Bakersfield,0.542,0.419,415,321
VT,Baltimore,0.432,0.541,63,79
VT,Barnard,0.691,0.249,455,164
VT,Barnet,0.567,0.395,622,434
VT,Barre,0.607,0.348,2272,1301
VT,Barre Town,0.525,0.439,2544,2129
VT,Barton,0.518,0.454,699,613
VT,Belvidere,0.449,0.512,93,106
VT,Bennington,0.59,0.375,4235,2690
VT,Benson,0.392,0.562,249,357
VT,Berkshire,0.353,0.618,275,481
VT,Berlin,0.636,0.324,989,504
VT,Bethel,0.65,0.306,675,318
VT,Bloomfield,0.333,0.637,45,86
VT,Bolton,0.694,0.265,562,215
VT,Bradford,0.568,0.392,872,601
VT,Braintree,0.59,0.368,442,276
VT,Brandon,0.521,0.442,1229,1042
VT,Brattleboro,0.784,0.171,5068,1105
VT,Bridgewater,0.586,0.384,337,221
VT,Bridport,0.511,0.45,393,346
VT,Brighton,0.294,0.558,190,361
VT,Bristol,0.639,0.324,1493,756
VT,Brookfield,0.581,0.364,534,335
VT,Brookline,0.644,0.317,213,105
VT,Brownington,0.384,0.578,210,316
VT,Brunswick,0.426,0.525,26,32
VT,Burke,0.574,0.378,544,358
VT,Burlington,0.843,0.108,17414,2223
VT,Cabot,0.588,0.367,531,331
VT,Calais,0.731,0.213,833,243
VT,Cambridge,0.665,0.289,1462,635
VT,Canaan,0.459,0.502,247,270
VT,Castleton,0.469,0.503,1009,1081
VT,Cavendish,0.52,0.434,428,357
VT,Charleston,0.434,0.533,242,297
VT,Charlotte,0.783,0.178,2207,502
VT,Chelsea,0.517,0.414,372,298
VT,Chester,0.589,0.38,1034,667
VT,Chittenden,0.528,0.433,432,354
VT,Clarendon,0.426,0.556,621,809
VT,Colchester,0.666,0.298,6404,2864
VT,Concord,0.387,0.577,249,371
VT,Corinth,0.493,0.472,435,417
VT,Cornwall,0.787,0.177,677,152
VT,Coventry,0.407,0.564,239,331
VT,Craftsbury,0.677,0.264,530,207
VT,Danby,0.401,0.555,308,426
VT,Danville,0.571,0.382,864,578
VT,Derby,0.431,0.54,1154,1445
VT,Dorset,0.691,0.27,1006,393
VT,Dover,0.617,0.344,558,311
VT,Dummerston,0.75,0.21,981,275
VT,Duxbury,0.704,0.252,655,234
VT,East Haven,0.536,0.418,82,64
VT,East Montpelier,0.741,0.219,1291,382
VT,Eden,0.43,0.525,290,354
VT,Elmore,0.712,0.259,439,160
VT,Enosburgh,0.442,0.525,599,712
VT,Essex,0.694,0.271,4965,1936
VT,Essex Junction,0.719,0.247,4413,1520
VT,Fair Haven,0.434,0.536,586,723
VT,Fairfax,0.54,0.419,1658,1288
VT,Fairfield,0.5,0.453,577,522
VT,Fairlee,0.69,0.284,433,178
VT,Fayston,0.822,0.149,768,139
VT,Ferrisburg,0.624,0.33,1195,632
VT,Fletcher,0.592,0.364,507,312
VT,Franklin,0.401,0.553,332,458
VT,Georgia,0.5,0.468,1501,1403
VT,Glover,0.561,0.396,374,264
VT,Goshen,0.666,0.31,86,40
VT,Grafton,0.638,0.341,271,145
VT,Granby,0.469,0.51,23,25
VT,Grand Isle,0.59,0.374,853,541
VT,Granville,0.671,0.276,114,47
VT,Greensboro,0.718,0.238,376,125
VT,Groton,0.474,0.49,277,286
VT,Guildhall,0.455,0.503,85,94
VT,Guilford,0.676,0.267,941,372
VT,Halifax,0.55,0.418,292,222
VT,Hancock,0.595,0.375,119,75
VT,Hardwick,0.58,0.375,899,582
VT,Hartford,0.7,0.265,4363,1649
VT,Hartland,0.655,0.308,1432,674
VT,Highgate,0.361,0.61,639,1081
VT,Hinesburg,0.738,0.231,2322,727
VT,Holland,0.348,0.635,129,235
VT,Hubbardton,0.515,0.468,219,199
VT,Huntington,0.712,0.24,973,328
VT,Hyde Park,0.624,0.345,1118,618
VT,Ira,0.469,0.509,131,142
VT,Irasburg,0.299,0.671,208,466
VT,Isle La Motte,0.522,0.454,198,172
VT,Jamaica,0.648,0.304,380,178
VT,Jay,0.462,0.516,144,161
VT,Jericho,0.737,0.232,2656,836
VT,Johnson,0.576,0.384,915,610
VT,Killington,0.64,0.319,510,254
VT,Kirby,0.596,0.364,195,119
VT,Landgrove,0.825,0.132,94,15
VT,Leicester,0.524,0.437,319,266
VT,Lemington,0.5,0.5,25,25
VT,Lincoln,0.708,0.252,678,241
VT,Londonderry,0.637,0.333,726,380
VT,Lowell,0.339,0.621,170,312
VT,Ludlow,0.556,0.399,669,480
VT,Lunenburg,0.381,0.591,250,388
VT,Lyndon,0.473,0.485,1231,1263
VT,Maidstone,0.458,0.521,66,75
VT,Manchester,0.698,0.267,1971,755
VT,Marlboro,0.785,0.168,496,106
VT,Marshfield,0.567,0.367,545,353
VT,Mendon,0.568,0.401,427,301
VT,Middlebury,0.77,0.192,3388,845
VT,Middlesex,0.731,0.221,919,278
VT,Middletown Springs,0.545,0.408,313,234
VT,Milton,0.527,0.438,3333,2774
VT,Monkton,0.665,0.303,969,442
VT,Montgomery,0.557,0.388,419,292
VT,Montpelier,0.86,0.097,4359,491
VT,Moretown,0.738,0.21,867,247
VT,Morgan,0.409,0.564,168,232
VT,Morristown,0.694,0.266,2285,876
VT,Mount Holly,0.506,0.46,448,407
VT,Mount Tabor,0.452,0.487,52,56
VT,New Haven,0.583,0.377,681,440
VT,Newark,0.464,0.497,166,178
VT,Newbury,0.537,0.419,666,520
VT,Newfane,0.732,0.231,802,253
VT,Newport,0.539,0.423,1037,814
VT,Newport Town,0.395,0.571,346,500
VT,North Hero,0.633,0.335,478,253
VT,Northfield,0.561,0.397,1519,1075
VT,Norton,0.361,0.611,39,66
VT,Norwich,0.895,0.077,2234,193
VT,Orange,0.393,0.574,245,358
VT,Orwell,0.516,0.449,399,347
VT,Panton,0.622,0.33,271,144
VT,Pawlet,0.534,0.431,494,399
VT,Peacham,0.706,0.266,375,141
VT,Peru,0.727,0.232,213,68
VT,Pittsfield,0.603,0.358,204,121
VT,Pittsford,0.482,0.487,853,862
VT,Plainfield,0.729,0.208,586,167
VT,Plymouth,0.643,0.335,236,123
VT,Pomfret,0.747,0.216,485,140
VT,Poultney,0.479,0.492,821,844
VT,Pownal,0.462,0.513,842,936
VT,Proctor,0.523,0.442,493,416
VT,Putney,0.775,0.175,1163,262
VT,Randolph,0.642,0.312,1715,833
VT,Reading,0.683,0.281,321,132
VT,Readsboro,0.457,0.518,203,230
VT,Richford,0.416,0.545,415,544
VT,Richmond,0.768,0.194,2203,557
VT,Ripton,0.776,0.187,312,75
VT,Rochester,0.71,0.235,522,173
VT,Rockingham,0.65,0.304,1668,779
VT,Roxbury,0.616,0.346,278,156
VT,Royalton,0.62,0.331,960,513
VT,Rupert,0.594,0.344,249,144
VT,Rutland,0.558,0.41,4264,3133
VT,Rutland Town,0.56,0.401,1434,1026
VT,Ryegate,0.465,0.491,318,336
VT,Salisbury,0.558,0.417,382,285
VT,Sandgate,0.541,0.411,137,104
VT,Searsburg,0.333,0.667,20,40
VT,Shaftsbury,0.588,0.384,1305,852
VT,Sharon,0.626,0.332,617,327
VT,Sheffield,0.482,0.467,189,183
VT,Shelburne,0.805,0.165,4472,915
VT,Sheldon,0.4,0.547,416,568
VT,Shoreham,0.605,0.364,439,264
VT,Shrewsbury,0.52,0.433,374,311
VT,South Burlington,0.792,0.175,9974,2207
VT,South Hero,0.679,0.286,913,384
VT,Springfield,0.551,0.415,2512,1891
VT,St. Albans,0.62,0.343,1910,1055
VT,St. Albans Town,0.54,0.426,2062,1624
VT,St. George,0.639,0.321,304,153
VT,St. Johnsbury,0.582,0.367,2021,1277
VT,Stamford,0.407,0.573,229,322
VT,Stannard,0.646,0.315,82,40
VT,Starksboro,0.601,0.354,648,382
VT,Stockbridge,0.643,0.323,299,150
VT,Stowe,0.78,0.189,2395,579
VT,Strafford,0.811,0.152,649,122
VT,Stratton,0.572,0.38,107,71
VT,Sudbury,0.586,0.377,236,152
VT,Sunderland,0.589,0.383,404,263
VT,Sutton,0.423,0.545,224,289
VT,Swanton,0.447,0.526,1555,1829
VT,Thetford,0.745,0.219,1440,423
VT,Tinmouth,0.457,0.51,164,183
VT,Topsham,0.366,0.596,251,409
VT,Townshend,0.682,0.257,535,202
VT,Troy,0.429,0.529,358,441
VT,Tunbridge,0.599,0.357,530,316
VT,Underhill,0.71,0.248,1583,552
VT,Vergennes,0.698,0.26,1057,394
VT,Vernon,0.513,0.451,661,581
VT,Vershire,0.596,0.344,265,153
VT,Victory,0.321,0.622,17,33
VT,Waitsfield,0.807,0.16,989,196
VT,Walden,0.554,0.389,336,236
VT,Wallingford,0.512,0.446,632,551
VT,Waltham,0.655,0.277,213,90
VT,Wardsboro,0.649,0.323,328,163
VT,Warren,0.839,0.123,1020,150
VT,Washington,0.479,0.448,310,290
VT,Waterbury,0.786,0.177,2761,621
VT,Waterford,0.484,0.48,417,413
VT,Waterville,0.486,0.472,221,215
VT,Weathersfield,0.542,0.425,990,776
VT,Wells,0.408,0.565,308,426
VT,West Fairlee,0.599,0.363,224,136
VT,West Haven,0.475,0.494,76,79
VT,West Rutland,0.399,0.571,488,698
VT,West Windsor,0.736,0.229,649,202
VT,Westfield,0.565,0.382,204,138
VT,Westford,0.686,0.282,1003,413
VT,Westminster,0.696,0.258,1249,462
VT,Westmore,0.582,0.388,135,90
VT,Weston,0.726,0.229,320,101
VT,Weybridge,0.814,0.152,482,90
VT,Wheelock,0.483,0.477,217,214
VT,Whiting,0.5,0.441,118,104
VT,Whitingham,0.494,0.469,395,375
VT,Williamstown,0.432,0.526,837,1018
VT,Williston,0.73,0.238,5029,1644
VT,Wilmington,0.657,0.318,774,375
VT,Windham,0.639,0.337,184,97
VT,Windsor,0.649,0.31,1190,568
VT,Winhall,0.656,0.312,432,205
VT,Winooski,0.789,0.159,2839,571
VT,Wolcott,0.597,0.369,570,352
VT,Woodbury,0.608,0.352,350,203
VT,Woodford,0.449,0.505,98,110
VT,Woodstock,0.768,0.196,1580,404
VT,Worcester,0.722,0.203,451,127
VA,Accomack,0.429,0.562,7374,9659
VA,Albemarle,0.659,0.32,44279,21513
VA,Alexandria,0.77,0.199,62326,16112
VA,Alleghany,0.255,0.735,2114,6093
VA,Amelia,0.275,0.718,2214,5776
VA,Amherst,0.313,0.676,5429,11742
VA,Appomattox,0.24,0.748,2324,7243
VA,Arlington,0.775,0.195,100446,25223
VA,Augusta,0.257,0.73,11403,32429
VA,Bath,0.228,0.765,588,1976
VA,Bedford,0.243,0.744,12414,38017
VA,Bland,0.147,0.843,524,2998
VA,Botetourt,0.269,0.719,5915,15796
VA,Bristol,0.298,0.694,2231,5197
VA,Brunswick,0.54,0.454,4184,3523
VA,Buchanan,0.145,0.85,1355,7939
VA,Buckingham,0.377,0.611,2988,4847
VA,Buena Vista,0.268,0.71,767,2035
VA,Campbell,0.252,0.736,7890,23032
VA,Caroline,0.45,0.537,7957,9511
VA,Carroll,0.18,0.812,2925,13152
VA,Charles City,0.548,0.44,2384,1917
VA,Charlotte,0.334,0.658,2008,3963
VA,Charlottesville,0.829,0.146,19435,3428
VA,Chesapeake,0.511,0.473,65399,60550
VA,Chesterfield,0.536,0.446,112869,94030
VA,Clarke,0.406,0.573,3993,5641
VA,Colonial Heights,0.333,0.656,2982,5883
VA,Covington,0.33,0.662,818,1642
VA,Craig,0.173,0.817,542,2562
VA,Culpeper,0.368,0.617,10557,17685
VA,Cumberland,0.385,0.606,2117,3335
VA,Danville,0.599,0.389,10615,6894
VA,Dickenson,0.186,0.808,1316,5701
VA,Dinwiddie,0.381,0.612,5942,9549
VA,Emporia,0.651,0.341,1419,744
VA,Essex,0.457,0.534,2775,3245
VA,Fairfax City,0.648,0.317,8797,4302
VA,Fairfax County,0.656,0.309,386438,181895
VA,Falls Church,0.795,0.179,7200,1620
VA,Fauquier,0.384,0.599,17180,26825
VA,Floyd,0.307,0.678,2968,6551
VA,Fluvanna,0.462,0.524,7731,8777
VA,Franklin City,0.607,0.38,2359,1476
VA,Franklin County,0.268,0.72,8321,22319
VA,Frederick,0.351,0.634,18331,33117
VA,Fredericksburg,0.645,0.33,8760,4480
VA,Galax,0.277,0.715,753,1946
VA,Giles,0.223,0.767,2069,7102
VA,Gloucester,0.303,0.685,7034,15918
VA,Goochland,0.399,0.584,7875,11521
VA,Grayson,0.185,0.806,1503,6544
VA,Greene,0.368,0.614,4456,7432
VA,Greensville,0.542,0.45,2334,1936
VA,Halifax,0.391,0.601,6984,10741
VA,Hampton,0.69,0.293,43357,18383
VA,Hanover,0.364,0.621,26733,45569
VA,Harrisonburg,0.614,0.361,10641,6266
VA,Henrico,0.634,0.346,115040,62882
VA,Henry,0.332,0.659,8457,16800
VA,Highland,0.271,0.713,416,1095
VA,Hopewell,0.563,0.425,5078,3838
VA,Isle of Wight,0.395,0.592,9779,14659
VA,James City,0.522,0.46,26742,23575
VA,King and Queen,0.367,0.623,1536,2608
VA,King George,0.366,0.615,5657,9500
VA,King William,0.292,0.698,3388,8080
VA,Lancaster,0.459,0.529,3355,3866
VA,Lee,0.137,0.857,1391,8674
VA,Lexington,0.62,0.356,1795,1030
VA,Loudoun,0.563,0.401,129280,92107
VA,Louisa,0.363,0.625,8779,15084
VA,Lunenburg,0.383,0.611,2253,3594
VA,Lynchburg,0.45,0.529,16664,19574
VA,Madison,0.318,0.669,2700,5671
VA,Manassas,0.562,0.414,9048,6670
VA,Manassas Park,0.585,0.386,3506,2314
VA,Martinsville,0.605,0.38,3435,2155
VA,Mathews,0.298,0.691,1774,4106
VA,Mecklenburg,0.393,0.6,6404,9791
VA,Middlesex,0.358,0.631,2473,4357
VA,Montgomery,0.506,0.471,23811,22179
VA,Nelson,0.456,0.531,4298,5004
VA,New Kent,0.335,0.653,5641,10974
VA,Newport News,0.634,0.348,48169,26385
VA,Norfolk,0.697,0.283,59941,24377
VA,Northampton,0.526,0.464,3603,3183
VA,Northumberland,0.389,0.6,3202,4938
VA,Norton,0.279,0.714,458,1174
VA,Nottoway,0.384,0.607,2636,4168
VA,Orange,0.37,0.616,8274,13764
VA,Page,0.225,0.764,2976,10123
VA,Patrick,0.194,0.797,1886,7746
VA,Petersburg,0.855,0.13,11219,1702
VA,Pittsylvania,0.281,0.712,9599,24310
VA,Poquoson,0.263,0.719,2119,5800
VA,Portsmouth,0.684,0.299,28306,12370
VA,Powhatan,0.274,0.713,5734,14918
VA,Prince Edward,0.48,0.505,4539,4782
VA,Prince George,0.388,0.601,6842,10590
VA,Prince William,0.573,0.394,131128,90203
VA,Pulaski,0.272,0.718,4830,12732
VA,Radford,0.491,0.485,3231,3197
VA,Rappahannock,0.403,0.581,2041,2943
VA,Richmond City,0.816,0.157,88710,17041
VA,Richmond County,0.345,0.647,1439,2697
VA,Roanoke City,0.608,0.373,25737,15787
VA,Roanoke County,0.38,0.604,21693,34453
VA,Rockbridge,0.324,0.66,4160,8468
VA,Rockingham,0.29,0.694,13418,32045
VA,Russell,0.16,0.834,2172,11303
VA,Salem,0.396,0.588,5237,7769
VA,Scott,0.145,0.848,1607,9392
VA,Shenandoah,0.282,0.703,6914,17215
VA,Smyth,0.194,0.796,2805,11521
VA,Southampton,0.368,0.622,3626,6133
VA,Spotsylvania,0.449,0.535,35747,42531
VA,Stafford,0.494,0.486,41252,40590
VA,Staunton,0.557,0.424,7592,5778
VA,Suffolk,0.571,0.413,30597,22112
VA,Surry,0.49,0.497,2176,2205
VA,Sussex,0.518,0.474,2539,2322
VA,Tazewell,0.152,0.839,3030,16711
VA,Virginia Beach,0.504,0.478,115412,109375
VA,Warren,0.305,0.679,6910,15400
VA,Washington,0.229,0.761,6772,22455
VA,Waynesboro,0.463,0.52,5240,5882
VA,Westmoreland,0.423,0.566,4491,6003
VA,Williamsburg,0.711,0.268,5613,2119
VA,Winchester,0.539,0.442,6407,5252
VA,Wise,0.181,0.812,3036,13655
VA,Wythe,0.199,0.792,3075,12267
VA,York,0.46,0.521,18296,20722
WA,Adams,0.271,0.702,1455,3767
WA,Asotin,0.356,0.611,4082,7004
WA,Benton,0.374,0.591,37662,59555
WA,Chelan,0.436,0.53,18397,22363
WA,Clallam,0.523,0.445,25440,21632
WA,Clark,0.518,0.448,143206,123998
WA,Columbia,0.266,0.699,661,1737
WA,Cowlitz,0.385,0.583,22825,34580
WA,Douglas,0.35,0.618,7410,13095
WA,Ferry,0.319,0.647,1315,2667
WA,Franklin,0.373,0.598,11884,19086
WA,Garfield,0.244,0.72,330,973
WA,Grant,0.298,0.671,10806,24326
WA,Grays Harbor,0.454,0.514,17161,19432
WA,Island,0.564,0.4,29595,20967
WA,Jefferson,0.707,0.256,17459,6324
WA,King,0.736,0.223,832606,252193
WA,Kitsap,0.585,0.376,91731,59080
WA,Kittitas,0.408,0.553,10810,14645
WA,Klickitat,0.435,0.527,5917,7178
WA,Lewis,0.318,0.647,14433,29322
WA,Lincoln,0.235,0.738,1678,5272
WA,Mason,0.469,0.494,17215,18127
WA,Okanogan,0.408,0.557,8466,11555
WA,Pacific,0.479,0.492,6825,7010
WA,Pend Oreille,0.288,0.682,2461,5826
WA,Pierce,0.535,0.428,235169,188194
WA,San Juan,0.733,0.222,9539,2890
WA,Skagit,0.526,0.438,36956,30765
WA,Skamania,0.428,0.539,3147,3961
WA,Snohomish,0.574,0.386,240099,161371
WA,Spokane,0.457,0.506,131163,145338
WA,Stevens,0.265,0.704,7492,19895
WA,Thurston,0.581,0.379,95663,62282
WA,Wahkiakum,0.393,0.574,1204,1757
WA,Walla Walla,0.443,0.523,13106,15476
WA,Whatcom,0.604,0.357,83295,49213
WA,Whitman,0.523,0.434,10480,8699
WA,Yakima,0.414,0.556,36706,49368
WV,Barbour,0.187,0.793,1199,5071
WV,Berkeley,0.312,0.67,17500,37580
WV,Boone,0.202,0.775,1641,6314
WV,Braxton,0.232,0.751,1233,3991
WV,Brooke,0.268,0.714,2621,6986
WV,Cabell,0.38,0.599,13474,21229
WV,Calhoun,0.166,0.814,488,2391
WV,Clay,0.179,0.802,580,2597
WV,Doddridge,0.126,0.86,374,2541
WV,Fayette,0.281,0.698,4387,10910
WV,Gilmer,0.207,0.777,486,1822
WV,Grant,0.099,0.889,552,4949
WV,Greenbrier,0.28,0.701,4196,10517
WV,Hampshire,0.18,0.806,1890,8464
WV,Hancock,0.258,0.726,3360,9462
WV,Hardy,0.202,0.779,1297,4997
WV,Harrison,0.285,0.694,8402,20480
WV,Jackson,0.21,0.773,2699,9907
WV,Jefferson,0.41,0.568,11967,16573
WV,Kanawha,0.402,0.576,30231,43352
WV,Lewis,0.195,0.787,1372,5550
WV,Lincoln,0.178,0.803,1279,5770
WV,Logan,0.161,0.828,1848,9500
WV,Marion,0.332,0.645,8185,15881
WV,Marshall,0.241,0.741,3186,9808
WV,Mason,0.2,0.781,2111,8232
WV,McDowell,0.191,0.794,1036,4310
WV,Mercer,0.206,0.779,4851,18372
WV,Mineral,0.192,0.794,2483,10247
WV,Mingo,0.125,0.863,1061,7325
WV,Monongalia,0.462,0.506,19265,21084
WV,Monroe,0.181,0.799,1155,5089
WV,Morgan,0.213,0.767,1947,7009
WV,Nicholas,0.191,0.793,1919,7960
WV,Ohio,0.36,0.62,6727,11593
WV,Pendleton,0.199,0.784,680,2687
WV,Pleasants,0.196,0.786,656,2632
WV,Pocahontas,0.238,0.74,927,2889
WV,Preston,0.204,0.772,2953,11176
WV,Putnam,0.259,0.722,7124,19868
WV,Raleigh,0.22,0.764,6816,23644
WV,Randolph,0.259,0.721,3008,8356
WV,Ritchie,0.128,0.857,517,3473
WV,Roane,0.221,0.759,1218,4189
WV,Summers,0.232,0.744,1226,3931
WV,Taylor,0.232,0.744,1694,5422
WV,Tucker,0.245,0.734,890,2669
WV,Tyler,0.153,0.827,554,2991
WV,Upshur,0.206,0.774,2033,7633
WV,Wayne,0.224,0.758,3532,11934
WV,Webster,0.16,0.827,479,2478
WV,Wetzel,0.21,0.765,1294,4718
WV,Wirt,0.158,0.821,409,2120
WV,Wood,0.276,0.707,10317,26380
WV,Wyoming,0.129,0.86,980,6503
WI,Adams,0.345,0.603,4443,7763
WI,Ashland,0.515,0.468,4612,4191
WI,Barron,0.334,0.624,8941,16726
WI,Bayfield,0.543,0.432,6107,4860
WI,Brown,0.455,0.53,67937,79132
WI,Buffalo,0.341,0.644,2765,5213
WI,Burnett,0.339,0.648,3665,7008
WI,Calumet,0.393,0.592,12927,19488
WI,Chippewa,0.379,0.608,14573,23399
WI,Clark,0.294,0.683,4509,10481
WI,Columbia,0.469,0.515,16388,17988
WI,Crawford,0.424,0.562,3860,5113
WI,Dane,0.749,0.233,273995,85454
WI,Dodge,0.328,0.657,16518,33067
WI,Door,0.504,0.482,10565,10099
WI,Douglas,0.518,0.465,13073,11732
WI,Dunn,0.414,0.573,10643,14726
WI,Eau Claire,0.544,0.439,34400,27728
WI,Florence,0.248,0.746,783,2356
WI,Fond du Lac,0.35,0.637,20495,37272
WI,Forest,0.33,0.664,1681,3382
WI,Grant,0.402,0.583,10966,15922
WI,Green,0.494,0.491,10903,10843
WI,Green Lake,0.312,0.675,3449,7458
WI,Iowa,0.528,0.452,7750,6631
WI,Iron,0.364,0.626,1487,2557
WI,Jackson,0.396,0.591,4157,6204
WI,Jefferson,0.41,0.574,20574,28771
WI,Juneau,0.334,0.654,4854,9525
WI,Kenosha,0.461,0.524,41826,47478
WI,Kewaunee,0.325,0.662,4059,8267
WI,La Crosse,0.54,0.446,39008,32247
WI,Lafayette,0.393,0.595,3469,5256
WI,Langlade,0.321,0.667,3746,7782
WI,Lincoln,0.366,0.618,6306,10633
WI,Manitowoc,0.376,0.609,17399,28200
WI,Marathon,0.4,0.586,31529,46213
WI,Marinette,0.304,0.683,7415,16670
WI,Marquette,0.345,0.641,3252,6041
WI,Menominee,0.805,0.188,1266,296
WI,Milwaukee,0.682,0.297,316292,138022
WI,Monroe,0.363,0.623,8476,14563
WI,Oconto,0.28,0.709,6967,17675
WI,Oneida,0.405,0.581,10080,14455
WI,Outagamie,0.442,0.543,49438,60827
WI,Ozaukee,0.439,0.544,27874,34504
WI,Pepin,0.35,0.643,1523,2798
WI,Pierce,0.4,0.568,10171,14417
WI,Polk,0.339,0.648,9567,18296
WI,Portage,0.497,0.485,21503,20987
WI,Price,0.339,0.651,3005,5763
WI,Racine,0.462,0.523,49721,56347
WI,Richland,0.427,0.559,3985,5207
WI,Rock,0.528,0.455,46642,40218
WI,Rusk,0.304,0.684,2516,5660
WI,Sauk,0.483,0.5,18172,18798
WI,Sawyer,0.413,0.576,4599,6422
WI,Shawano,0.312,0.674,7336,15850
WI,Sheboygan,0.411,0.574,27735,38763
WI,St. Croix,0.394,0.586,23870,35537
WI,Taylor,0.252,0.734,2823,8209
WI,Trempealeau,0.387,0.601,6219,9661
WI,Vernon,0.452,0.53,7514,8807
WI,Vilas,0.379,0.61,6119,9837
WI,Walworth,0.382,0.604,23161,36603
WI,Washburn,0.352,0.634,3867,6962
WI,Washington,0.312,0.674,28504,61604
WI,Waukesha,0.393,0.59,108478,162768
WI,Waupaca,0.327,0.661,9947,20093
WI,Waushara,0.318,0.67,4571,9625
WI,Winnebago,0.468,0.516,44660,49179
WI,Wood,0.393,0.592,16599,24997
WY,Albany,0.468,0.5,8371,8930
WY,Big Horn,0.129,0.849,742,4867
WY,Campbell,0.109,0.873,2004,16006
WY,Carbon,0.199,0.775,1274,4952
WY,Converse,0.125,0.854,845,5756
WY,Crook,0.102,0.876,443,3805
WY,Fremont,0.3,0.669,5179,11552
WY,Goshen,0.187,0.793,1156,4893
WY,Hot Springs,0.186,0.795,488,2082
WY,Johnson,0.173,0.803,847,3936
WY,Laramie,0.326,0.647,14153,28063
WY,Lincoln,0.15,0.826,1623,8957
WY,Natrona,0.246,0.727,8337,24671
WY,Niobrara,0.091,0.898,112,1108
WY,Park,0.195,0.781,3259,13084
WY,Platte,0.164,0.813,780,3874
WY,Sheridan,0.239,0.733,3920,12041
WY,Sublette,0.187,0.793,920,3905
WY,Sweetwater,0.223,0.751,3731,12541
WY,Teton,0.658,0.311,8748,4134
WY,Uinta,0.172,0.801,1561,7282
WY,Washakie,0.169,0.806,656,3125
WY,Weston,0.108,0.874,378,3069
